year,pkd,CF_dyn,CF_to_TC,DEBT_to_GS,GS_dyn,NP_dyn,NP_to_GS,NP_to_TC,STL_to_GS,growth,profit,cash,debt_burden,g_med,p_med,growth_high,profit_high,group
2005,10.1,,0.0483369470432886,0.2008055927980818,,,0.0198567295034314,0.0203303838991495,0.1332168369563038,,0.020093556701290448,0.0483369470432886,0.16701121487719278,,0.02492461064356745,False,False,
2005,22.2,,0.1096274759846323,0.3207375191728124,,,0.04465714776988,0.047179386142891,0.2446352482050483,,0.0459182669563855,0.1096274759846323,0.28268638368893034,,0.02492461064356745,False,True,
2005,29.3,,0.1223439178473616,0.3438101743441299,,,0.0570056186376214,0.0611282271003219,0.2540812106390845,,0.05906692286897165,0.1223439178473616,0.2989456924916072,,0.02492461064356745,False,True,
2005,35.1,,0.1161492506700265,0.3106084510454516,,,0.0348527839390181,0.0365425514412565,0.1577108743870576,,0.0356976676901373,0.1161492506700265,0.2341596627162546,,0.02492461064356745,False,True,
2005,41.2,,0.0467960202420928,0.3431273991551975,,,0.0208942774516264,0.0214846761631726,0.3053240555388778,,0.0211894768073995,0.0467960202420928,0.3242257273470377,,0.02492461064356745,False,False,
2005,45.1,,0.0274438355573971,0.2207964094398241,,,0.0061522093757842,0.0062055922618454,0.1947731776760447,,0.0061789008188148,0.0274438355573971,0.2077847935579344,,0.02492461064356745,False,False,
2005,46.3,,0.0285629077798133,0.1777963155210932,,,0.0146299857541714,0.0148994503964652,0.1422177588087469,,0.0147647180753183,0.0285629077798133,0.16000703716492004,,0.02492461064356745,False,False,
2005,46.4,,0.0417015749243597,0.2487530972308337,,,0.0245441401433157,0.0253050811438192,0.2298666369812582,,0.02492461064356745,0.0417015749243597,0.23930986710604596,,0.02492461064356745,False,True,
2005,46.7,,0.0354272240677573,0.1889853429555169,,,0.0162448154844198,0.0165864378401004,0.1563796338573735,,0.0164156266622601,0.0354272240677573,0.17268248840644518,,0.02492461064356745,False,False,
2005,46.9,,0.0585547457843976,0.2393052471573551,,,0.0352087586744755,0.0367745615567031,0.2056006437864179,,0.0359916601155893,0.0585547457843976,0.2224529454718865,,0.02492461064356745,False,True,
2005,47.1,,0.0285072266125874,0.2152055640104627,,,-0.0001339799669279,-0.0001342064405509,0.1818172719870811,,-0.0001340932037394,0.0285072266125874,0.19851141799877192,,0.02492461064356745,False,False,
2005,47.4,,0.042189302588747,0.2038899282818833,,,0.0272840661053944,0.0282903100177089,0.1974976613657624,,0.02778718806155165,0.042189302588747,0.20069379482382285,,0.02492461064356745,False,True,
2005,49.4,,0.0873644979463193,0.2833144801417997,,,0.0212684783544578,0.0218881028604864,0.1955536158046156,,0.0215782906074721,0.0873644979463193,0.23943404797320766,,0.02492461064356745,False,False,
2005,52.2,,0.1314585645674927,0.4637485115006163,,,0.050816399010353,0.0543455797337938,0.1863332627011153,,0.0525809893720734,0.1314585645674927,0.3250408871008658,,0.02492461064356745,False,True,
2005,62.0,,0.142563885228424,0.3444503719187718,,,0.0752099717053827,0.0823412553886089,0.2908660039992306,,0.0787756135469958,0.142563885228424,0.31765818795900125,,0.02492461064356745,False,True,
2006,10.1,0.0424566844025247,0.0482882249246372,0.2083850372355523,0.0422703853978789,-0.0198705887751824,0.0186728557864753,0.019095586712304,0.1417975996955177,0.02161882700840707,0.01888422124938965,0.04537245466358095,0.175091318465535,0.1616938377198411,0.03422680984189995,False,False,Dog
2006,22.2,0.1569614304969888,0.1118646337497369,0.3243528439529308,0.1402226569818123,0.287272762101795,0.0504164073616004,0.0535645393734177,0.2563074433402019,0.19481894986019868,0.051990473367509046,0.13441303212336286,0.29033014364656634,0.1616938377198411,0.03422680984189995,True,True,Star
2006,29.3,-0.041864156433941,0.0998476852989894,0.329584251370727,0.156740478732215,-0.0675386069965333,0.0459528645717656,0.048551336552476,0.2494125233709307,0.015779238433913566,0.0472521005621208,0.028991764432524197,0.28949838737082884,0.1616938377198411,0.03422680984189995,False,True,Cash cow
2006,35.1,0.181717069836913,0.1279333127039838,0.2751286147274386,0.1023022062749079,0.7243847576870253,0.0545218988452369,0.0587336196858889,0.1526308967803114,0.33613467793294877,0.056627759265562905,0.15482519127044841,0.213879755753875,0.1616938377198411,0.03422680984189995,True,True,Star
2006,41.2,0.5859792224909386,0.0615463007440322,0.3531001461212149,0.2311238635357271,1.31352661584086,0.0392645033004824,0.0412191330584699,0.299957115101138,0.7102099006225085,0.040241818179476155,0.3237627616174854,0.32652863061117643,0.1616938377198411,0.03422680984189995,True,True,Star
2006,45.1,0.321312844164364,0.0332538335267044,0.207369351260159,0.1007933048038562,1.762890676513253,0.0154414837464337,0.0157231005224773,0.1786530018310244,0.7283322751604911,0.0155822921344555,0.1772833388455342,0.1930111765455917,0.1616938377198411,0.03422680984189995,True,False,Question mark
2006,46.3,0.0340698314343368,0.0283108193982336,0.1743440329862863,0.0435270945140982,0.0571369959362302,0.0148207931275191,0.0150973830523759,0.1367310165124537,0.0449113072948884,0.0149590880899475,0.0311903254162852,0.15553752474937,0.1616938377198411,0.03422680984189995,False,False,Dog
2006,46.4,0.0671188350878337,0.0419325920076942,0.2448629071344843,0.0642283340837268,0.1619932034588338,0.0267988768179426,0.0277075284704249,0.2281604394147943,0.09778012421013144,0.02725320264418375,0.05452571354776395,0.2365116732746393,0.1616938377198411,0.03422680984189995,False,False,Dog
2006,46.7,0.2668486024863488,0.0393518442042577,0.1866050366113473,0.150275299748285,0.7672275372121,0.0249577516506514,0.025700930369039,0.1541534482214278,0.39478381314891126,0.0253293410098452,0.15310022334530324,0.17037924241638755,0.1616938377198411,0.03422680984189995,True,False,Question mark
2006,46.9,-0.0330382696686958,0.0520926635766078,0.2484844966241308,0.0849290394368855,0.0326926115713672,0.0335135512315184,0.0349400684522815,0.2142655617762846,0.028194460446518965,0.03422680984189995,0.009527196953956,0.2313750292002077,0.1616938377198411,0.03422680984189995,False,True,Cash cow
2006,47.1,0.448012796152079,0.0372245693326905,0.224325953284669,0.1216470302613932,-87.70481927710843,0.0103568310759332,0.0104934647870729,0.1732266886031252,-29.04505315023165,0.01042514793150305,0.24261868274238474,0.1987763209438971,0.1616938377198411,0.03422680984189995,False,False,Dog
2006,47.4,0.6751719933815206,0.0627874412061351,0.2180326949324724,0.1370935737165859,0.5712987012987012,0.0377026294304251,0.0394918512764103,0.2124173433965086,0.4611880894656026,0.0385972403534177,0.36897971729382784,0.2152250191644905,0.1616938377198411,0.03422680984189995,True,True,Star
2006,49.4,0.3306548920171372,0.0941109466193227,0.2815484234100511,0.2501506770819415,0.9300970196133173,0.0328362232138828,0.0342000690123443,0.1961558374320476,0.5036341962374654,0.033518146113113545,0.21238291931822995,0.23885213042104936,0.1616938377198411,0.03422680984189995,True,False,Question mark
2006,52.2,0.1341252450697727,0.1358386041439476,0.4747957453368275,0.1083709623987894,0.2425853056909612,0.056969834866239,0.0615267175572519,0.1893864988963483,0.1616938377198411,0.05924827621174545,0.13498192460686015,0.33209112211658787,0.1616938377198411,0.03422680984189995,True,True,Star
2006,62.0,-0.0304705281248548,0.1395679431698432,0.3233459229165827,-0.0093484737963295,-0.0894600550078008,0.0691279240864004,0.0757062313111483,0.2779428303483443,-0.04309301897632836,0.07241707769877434,0.054548707522494196,0.3006443766324635,0.1616938377198411,0.03422680984189995,False,True,Cash cow
2007,10.1,0.1513750709753869,0.049629696039228,0.2023692229485631,0.1224949714372973,0.2270031526048008,0.0204113635260235,0.0209152103825042,0.1464171785798941,0.16695773167249503,0.02066328695426385,0.10050238350730745,0.1743932007642286,0.21166219273565953,0.0360012319897038,False,False,Dog
2007,22.2,0.2435513752315803,0.1180358781184193,0.3240608942708817,0.1875020397414788,0.3261631410947998,0.0563033821516051,0.0602742514795911,0.2443112213792062,0.25240551868928635,0.058288816815598096,0.1807936266749998,0.2841860578250439,0.21166219273565953,0.0360012319897038,True,True,Star
2007,29.3,0.1341894725770296,0.0957983636550404,0.3108091624947644,0.1740061510705666,0.0360834150133504,0.0405543027280946,0.0425530201864,0.2470901197025705,0.11475967955364885,0.0415536614572473,0.11499391811603499,0.2789496410986675,0.21166219273565953,0.0360012319897038,False,True,Cash cow
2007,35.1,-0.0235318590047349,0.11965006884849,0.2892894198131552,0.0288385015553407,-0.0525289180298557,0.0502099429714866,0.0532996011736761,0.1662207164118164,-0.0157407584930833,0.05175477207258135,0.04805910492187755,0.2277550681124858,0.21166219273565953,0.0360012319897038,False,True,Cash cow
2007,41.2,0.7547824382595061,0.0868349626507529,0.3320104221796718,0.2762410305981224,0.9570844088570474,0.0602111555643033,0.0648601275158463,0.2662022701681223,0.6627026259048919,0.0625356415400748,0.42080870045512947,0.2991063461738971,0.21166219273565953,0.0360012319897038,True,True,Star
2007,45.1,0.6245749706616917,0.040663884163722,0.2002450865423067,0.3460304505774496,1.2228374142841232,0.025500097556417,0.0263071179779491,0.176280521515251,0.7311476118410881,0.02590360776718305,0.33261942741270684,0.18826280402877885,0.21166219273565953,0.0360012319897038,True,False,Question mark
2007,46.3,0.2735623121273345,0.0329139011194806,0.1663487175444122,0.1013383045950526,0.486291432954157,0.0200011365836558,0.0204838869691674,0.137673980304771,0.287064016558848,0.0202425117764116,0.15323810662340756,0.1520113489245916,0.21166219273565953,0.0360012319897038,True,False,Question mark
2007,46.4,0.2344651036425069,0.0467701861012792,0.2596271881307915,0.1097635299191632,0.2204102433431012,0.0294708042722303,0.0305521800058628,0.2382035252864809,0.18821295896825707,0.030011492139046553,0.14061764487189304,0.24891535670863618,0.21166219273565953,0.0360012319897038,False,False,Dog
2007,46.7,0.1602117177452902,0.0407045966619365,0.1994965449622905,0.1217489624482046,0.1321193494386323,0.0251884820116257,0.0259407289768449,0.1623377619488508,0.13802667654404235,0.0255646054942353,0.10045815720361334,0.18091715345557063,0.21166219273565953,0.0360012319897038,False,False,Dog
2007,46.9,0.2178039813650709,0.0551899536568343,0.2257145293117494,0.1535301368579742,0.2636524599839334,0.0367129389197051,0.038411164552582,0.2003630418736555,0.21166219273565953,0.03756205173614355,0.1364969675109526,0.21303878559270245,0.21166219273565953,0.0360012319897038,True,True,Star
2007,47.1,0.1525330116064538,0.037623969758527,0.2089591539437826,0.1477585120587679,0.5024247898283889,0.0135571721656291,0.0138258936346568,0.1716065252777902,0.2675721044978702,0.013691532900142949,0.0950784906824904,0.1902828396107864,0.21166219273565953,0.0360012319897038,True,False,Question mark
2007,47.4,0.0590559367851943,0.0484025403493099,0.2660839488347547,0.3640100216262705,0.1181089346226962,0.0309056723605783,0.032141643719098,0.2608591356555233,0.180391631011387,0.03152365803983815,0.053729238567252105,0.263471542245139,0.21166219273565953,0.0360012319897038,False,False,Dog
2007,49.4,0.2478661120857892,0.0958725273859844,0.3129299752964259,0.2288667836710072,0.3177470391465511,0.0352111689336975,0.0367912950457101,0.2219997574575756,0.2648266449677825,0.0360012319897038,0.17186931973588682,0.26746486637700073,0.21166219273565953,0.0360012319897038,True,True,Star
2007,52.2,0.3136540252400372,0.147024187461814,0.4068082094369857,0.2325396510185302,0.5649296939619521,0.0723334021494664,0.0793310411749907,0.1693515881780437,0.3703744567401732,0.07583222166222855,0.2303391063509256,0.2880798988075147,0.21166219273565953,0.0360012319897038,True,True,Star
2007,62.0,0.068825755761031,0.1308970746824911,0.3366776771443793,0.1460061958821927,0.2090936390454152,0.0729334043686734,0.0803209646776917,0.2718806606286627,0.1413085302295463,0.07662718452318255,0.09986141522176105,0.30427916888652096,0.21166219273565953,0.0360012319897038,False,True,Cash cow
2008,10.1,-0.0474390930288655,0.0445242478695609,0.1997077235856184,0.0449746308603906,-0.6351390885154988,0.0071267842116077,0.0071870687382929,0.1469680297205659,-0.21253451689465794,0.0071569264749503005,-0.0014574225796523017,0.17333787665309214,-0.07488280501781984,0.0233899003843271,False,False,Dog
2008,22.2,-0.0341594086637634,0.1102048968912083,0.3640601302875284,0.0049933377937578,-0.4426964400931354,0.0312221724541675,0.0324717015549515,0.2648850750842783,-0.15728750365438032,0.0318469370045595,0.038022744113722445,0.3144726026859034,-0.07488280501781984,0.0233899003843271,False,True,Cash cow
2008,29.3,-0.1711272564981641,0.0766022774721382,0.3544268507297986,-0.0034944228672365,-0.8194789688986319,0.0073465765893022,0.0074106094730135,0.2790501624430068,-0.33136688275467746,0.00737859303115785,-0.04726248951301295,0.3167385065864027,-0.07488280501781984,0.0233899003843271,False,False,Dog
2008,35.1,0.03024333952039,0.0949101481803904,0.2647246101301498,0.2855056440612777,-0.0277345308097118,0.0379752465395344,0.0398996149094582,0.1823590132923958,0.09600481759065198,0.038937430724496305,0.06257674385039019,0.2235418117112728,-0.07488280501781984,0.0233899003843271,True,True,Star
2008,41.2,0.417889175574395,0.099193509946919,0.3729356318504679,0.2477253929611569,0.3349124601479831,0.0644185188953666,0.0697552555474028,0.2961463107327877,0.33350900956117835,0.0670868872213847,0.258541342760657,0.3345409712916278,-0.07488280501781984,0.0233899003843271,True,True,Star
2008,45.1,-0.1504320284499763,0.0339835308486797,0.2041380942329757,-0.0003936935297553,-0.5425661360513054,0.011669202245722,0.011837584539291,0.1743301287411963,-0.23113061934367898,0.0117533933925065,-0.058224248800648304,0.189234111487086,-0.07488280501781984,0.0233899003843271,False,False,Dog
2008,46.3,0.1863343703084614,0.0316036555806503,0.1882751114526789,0.2300523661644766,-0.0133858071896644,0.0160427358774205,0.0163572607409559,0.1584324422578172,0.13433364309442453,0.0161999983091882,0.10896901294455585,0.17335377685524805,-0.07488280501781984,0.0233899003843271,True,False,Question mark
2008,46.4,0.0437750306877782,0.0460655379771252,0.2799971986472709,0.0523299832828443,-0.1769211058280899,0.0230505614931475,0.0237292392755067,0.2554246308540033,-0.026938697285822464,0.0233899003843271,0.044920284332451696,0.26771091475063713,-0.07488280501781984,0.0233899003843271,True,True,Star
2008,46.7,0.1151284412722426,0.0419863120405942,0.2088820431194653,0.0684608240558086,-0.4082376803815107,0.0139505297782351,0.0141993631076502,0.1671465890630742,-0.07488280501781984,0.01407494644294265,0.0785573766564184,0.18801431609126973,-0.07488280501781984,0.0233899003843271,True,False,Question mark
2008,46.9,0.2057006553947793,0.0605371856332897,0.2599647900667325,0.0956049165770547,0.0040283781183172,0.0336442744659004,0.0350853782336791,0.2216199887850486,0.10177798336338373,0.034364826349789754,0.1331189205140345,0.24079238942589054,-0.07488280501781984,0.0233899003843271,True,True,Star
2008,47.1,0.1711422055609746,0.0395653034068272,0.2217077270649595,0.1093418623739257,0.0359038863506038,0.0126596929320293,0.0128603540581636,0.1801721928020461,0.10546265142850136,0.012760023495096449,0.1053537544839009,0.2009399599335028,-0.07488280501781984,0.0233899003843271,True,False,Question mark
2008,47.4,-0.1322894168466521,0.0389203494618921,0.2345701160324711,0.0697068210427238,-0.1927853341218214,0.0233218219212311,0.024043119088299,0.2181636841644401,-0.08512264330858323,0.02368247050476505,-0.04668453369238,0.22636690009845561,-0.07488280501781984,0.0233899003843271,False,True,Cash cow
2008,49.4,0.1004902347966656,0.0817159996293332,0.2956168545824955,0.247931021321025,-0.804385411235215,0.005519390265338,0.0055740780347464,0.1994890227783254,-0.15198805170584148,0.0055467341500422,0.09110311721299941,0.24755293868041045,-0.07488280501781984,0.0233899003843271,False,False,Dog
2008,52.2,-0.0241840530289141,0.1289674526996393,0.4229911524995278,0.0526268647260517,-0.5660827544548476,0.029817508628544,0.0309437887887726,0.1642686958705438,-0.17921331425257,0.030380648708658302,0.0523916998353626,0.2936299241850358,-0.07488280501781984,0.0233899003843271,False,True,Cash cow
2008,62.0,0.5433535339046867,0.1543177839507998,0.282955827440692,0.3289046350559403,0.5781323048153344,0.0866116036456733,0.0968262120979879,0.2370922491354475,0.4834634912586538,0.0917189078718306,0.3488356589277432,0.26002403828806975,-0.07488280501781984,0.0233899003843271,True,True,Star
2009,10.1,0.1643116400776567,0.0477463423639636,0.176529651324381,0.0914673125700471,0.7243855673697053,0.0112594520190598,0.0114145936216365,0.1302551336650194,0.32672150667246974,0.01133702282034815,0.10602899122081015,0.1533923924947002,0.06639519492105467,0.02660061176918215,True,False,Question mark
2009,22.2,0.2531821296463836,0.1362209566089101,0.3462148559778876,0.0434846020258217,0.8998399291258521,0.0568452373780336,0.0608486430591055,0.2433380886857153,0.39883555359935247,0.05884694021856955,0.19470154312764684,0.29477647233180143,0.06639519492105467,0.02660061176918215,True,True,Star
2009,29.3,0.2627600433551273,0.0980211858771675,0.3392661793096038,0.0181754023371825,3.727023022154758,0.0341075187948356,0.0354976075646011,0.2657826680960712,1.3359861559490227,0.03480256317971835,0.18039061461614742,0.3025244237028375,0.06639519492105467,0.02660061176918215,True,True,Star
2009,35.1,0.4681418456551329,0.1305953797755419,0.2251310274033768,0.1142880021335377,1.101034229489105,0.071603833748618,0.0785685930015259,0.1588133912997984,0.5611546924259252,0.07508621337507196,0.2993686127153374,0.1919722093515876,0.06639519492105467,0.02660061176918215,True,True,Star
2009,41.2,-0.1147829484600078,0.0981088118548402,0.4059791022173587,-0.1094835119713831,-0.1752840858172171,0.0596586120698373,0.0642771032583907,0.3186137164550266,-0.13318351541620269,0.061967857664114,-0.008337068302583801,0.36229640933619267,0.06639519492105467,0.02660061176918215,False,True,Cash cow
2009,45.1,0.0175177548495402,0.0365578140626318,0.2240730651572701,-0.0495347218519683,0.322599320909418,0.0162380250184614,0.0165524053430003,0.188837207872693,0.09686078463566332,0.01639521518073085,0.027037784456085998,0.20645513651498154,0.06639519492105467,0.02660061176918215,True,False,Question mark
2009,46.3,0.0180038551733359,0.032115076391389,0.1723052400836565,0.0045196742866351,0.1397954489599151,0.0182031649653207,0.0186105715800593,0.1331957039753736,0.054106326139962045,0.01840686827269,0.02505946578236245,0.15275047202951506,0.06639519492105467,0.02660061176918215,False,False,Dog
2009,46.4,-0.172252810890754,0.0358654862829222,0.263459834070979,0.0551453195083651,-0.2311852133706919,0.0167954235197642,0.0171596491790187,0.2446214379751082,-0.11609756825102695,0.01697753634939145,-0.06819366230391591,0.2540406360230436,0.06639519492105467,0.02660061176918215,False,False,Dog
2009,46.7,-0.1230354022107024,0.0410883710330919,0.2294813617452119,-0.1035202129832184,-0.0738721845496369,0.0144118962357043,0.0146746896825685,0.196336002290974,-0.10014259991451924,0.0145432929591364,-0.04097351558880525,0.21290868201809293,0.06639519492105467,0.02660061176918215,False,False,Dog
2009,46.9,-0.2066240623088733,0.0489876602353643,0.2391567237066966,-0.0286813795216205,-0.2355103675818164,0.0264801873217926,0.0273579283943446,0.2050329640015453,-0.15693860313743674,0.0269190578580686,-0.0788182010367545,0.22209484385412095,0.06639519492105467,0.02660061176918215,False,True,Cash cow
2009,47.1,0.0227143454136,0.0365504618137382,0.2007831719185918,0.1096341117711499,0.0965590514624479,0.0125105210141692,0.0127382265862913,0.1690997801116951,0.07630250288239927,0.012624373800230251,0.0296324036136691,0.18494147601514344,0.06639519492105467,0.02660061176918215,True,False,Question mark
2009,47.4,-0.1725405894665383,0.0326855952769348,0.2446414105106324,-0.0166627156254072,-0.1668498168498168,0.0197598326777852,0.0203304536698949,0.2282154251795608,-0.11868437398058744,0.020045143173840048,-0.06992749709480175,0.2364284178450966,0.06639519492105467,0.02660061176918215,False,False,Dog
2009,49.4,0.1214777528433967,0.0926466071556332,0.2914869751473665,0.011672565734405,3.7968574635241295,0.0261702543739234,0.0270309691644409,0.2038887228415299,1.310002594033977,0.02660061176918215,0.10706217999951495,0.24768784899444818,0.06639519492105467,0.02660061176918215,True,True,Star
2009,52.2,-0.1181804897396822,0.1228217085097511,0.4675713777317208,-0.0567029726190304,0.3740690471218766,0.0434341617534057,0.0459195214809619,0.1945788841713516,0.06639519492105467,0.0446768416171838,0.00232060938503445,0.3310751309515362,0.06639519492105467,0.02660061176918215,True,True,Star
2009,62.0,0.0083237491141858,0.1477656941091548,0.2590195443371331,0.0570969477467913,0.0711534900944268,0.0877633047049159,0.0984923031873418,0.2159972754585717,0.04552472898513463,0.09312780394612885,0.0780447216116703,0.23750840989785238,0.06639519492105467,0.02660061176918215,False,True,Cash cow
2010,10.1,0.1307901248888374,0.0544180456765954,0.180000117227057,0.0097259139256504,1.394731521914928,0.0267036472944446,0.0275510472272765,0.1325100837812759,0.5117491869098053,0.02712734726086055,0.09260408528271641,0.15625510050416647,0.16623301527788142,0.02796802502443045,True,False,Question mark
2010,22.2,-0.034118479699102,0.1153523454359702,0.3433976538980365,0.1283538488231708,-0.0328435242935039,0.0487242893712627,0.0515948421836421,0.2529490455228994,0.02046394827685497,0.0501595657774524,0.0406169328684341,0.29817334971046794,0.16623301527788142,0.02796802502443045,False,True,Cash cow
2010,29.3,0.2888288358132915,0.1049638154949913,0.3135895155018001,0.2318506520854188,0.9345066976573488,0.0535626810258069,0.0570550031986863,0.251295891801767,0.4850620618520198,0.0553088421122466,0.1968963256541414,0.28244270365178353,0.16623301527788142,0.02796802502443045,True,True,Star
2010,35.1,0.1289593417475925,0.1511141676268766,0.2561224509257553,-0.0146864798602212,0.1520120852137743,0.0837180046147584,0.0927694709870056,0.1849929184170363,0.0887616490337152,0.08824373780088199,0.14003675468723453,0.2205576846713958,0.16623301527788142,0.02796802502443045,False,True,Cash cow
2010,41.2,-0.0578047439117069,0.0877763659971974,0.4247095590996042,0.0467553528040474,-0.0288068414890235,0.0553520320992643,0.0592775953959187,0.3305358728477723,-0.013285410865561,0.0573148137475915,0.01498581104274525,0.37762271597368824,0.16623301527788142,0.02796802502443045,False,True,Cash cow
2010,45.1,0.2523127192864987,0.0417463363834603,0.2107756087179471,0.1066727167522567,0.6257127984288859,0.0238538139543119,0.0245374989911081,0.1800285520162952,0.3282327448225471,0.02419565647271,0.1470295278349795,0.19540208036712114,0.16623301527788142,0.02796802502443045,True,False,Question mark
2010,46.3,0.0958250165801084,0.0313118773018962,0.1731772150750963,0.1210174884155135,0.0973611318438905,0.0178190312960411,0.0181705562158649,0.136833602048188,0.1047345456131708,0.017994793755953,0.0635684469410023,0.15500540856164216,0.16623301527788142,0.02796802502443045,False,False,Dog
2010,46.4,0.2503480145233279,0.0457134477172986,0.2677116195772497,-0.0068567605565862,0.6745879388694753,0.0283195943317947,0.0292922483948244,0.2410081645215579,0.30602639761207234,0.028805921363309547,0.14803073112031323,0.2543598920494038,0.16623301527788142,0.02796802502443045,True,True,Star
2010,46.7,-0.0082554289241035,0.0379726874557359,0.2162164679705822,0.0782034447400905,0.4287510300176573,0.0190975197600428,0.019537908072137,0.1823852756927446,0.16623301527788142,0.0193177139160899,0.014858629265816199,0.1993008718316634,0.16623301527788142,0.02796802502443045,True,False,Question mark
2010,46.9,-0.0580102544094117,0.0496950765557951,0.2441174638707058,-0.0669990655245084,0.0447352927091051,0.0296514025124501,0.0307800957422598,0.2115127302737544,-0.026758009074938336,0.03021574912735495,-0.0041575889268083005,0.22781509707223008,0.16623301527788142,0.02796802502443045,False,True,Cash cow
2010,47.1,0.2011032572763051,0.0420176600796493,0.2092123673916627,0.0472115581776049,0.4600428272498553,0.0174424129768805,0.0178005415376576,0.1809857165020628,0.2361192142345884,0.01762147725726905,0.1215604586779772,0.19509904194686276,0.16623301527788142,0.02796802502443045,True,False,Question mark
2010,47.4,1.1574485540438912,0.037437849752704,0.2666343646893242,0.8826355420705474,1.3719498790943063,0.0248955953946609,0.0256015716849939,0.2600678341524192,1.137344658402915,0.0252485835398274,0.5974432018982976,0.2633510994208717,0.16623301527788142,0.02796802502443045,True,False,Question mark
2010,49.4,0.0052905312290671,0.0849310249244574,0.2761195122563443,0.0977209330271258,0.153559312119794,0.0275014712075615,0.0284345788412994,0.2023544899023564,0.08552359212532896,0.02796802502443045,0.04511077807676225,0.23923700107935036,0.16623301527788142,0.02796802502443045,False,True,Cash cow
2010,52.2,0.3213641464142152,0.1118163974465456,0.6916449075063402,0.4234012581688293,-0.1320585069334514,0.0264846690179569,0.0274596911030152,0.2408030917393507,0.20423563254986435,0.02697218006048605,0.21659027193038038,0.46622399962284544,0.16623301527788142,0.02796802502443045,True,False,Question mark
2010,62.0,0.124678122713735,0.1413086433692768,0.2674449375208361,0.1694547958983212,0.1420842480078821,0.0857092452039637,0.0956461066549702,0.2269401748871768,0.1454057222066461,0.09067767592946695,0.1329933830415059,0.24719255620400643,0.16623301527788142,0.02796802502443045,False,True,Cash cow
2011,10.1,-0.0952706601414742,0.0413572727157274,0.1791252078256161,0.1754508056654935,-0.2921496289667631,0.0160807977281632,0.0163821105250766,0.1334834517204959,-0.0706564944809146,0.0162314541266199,-0.0269566937128734,0.156304329773056,-0.007734498943340398,0.0214471570139286,False,False,Dog
2011,22.2,0.1563024592273101,0.1105504855847518,0.3367655787468623,0.2040362820629528,0.1064241295236008,0.0447741735505581,0.0473141130024249,0.2494102768256696,0.15558762360462122,0.0460441432764915,0.13342647240603095,0.29308792778626597,-0.007734498943340398,0.0214471570139286,True,True,Star
2011,29.3,0.2818040027842465,0.1110798133952817,0.3393886560382241,0.2098201565104511,0.1865163743290991,0.0525309466436695,0.0558909355071365,0.2632339192327728,0.22604684454126556,0.054210941075403,0.19644190808976408,0.3013112876354984,-0.007734498943340398,0.0214471570139286,True,True,Star
2011,35.1,0.2397642334594474,0.1694784507214269,0.2630388358757563,0.1266798876559214,0.3146201239143371,0.0976829131382572,0.1103254112713585,0.1641205872678109,0.22702141500990194,0.10400416220480785,0.20462134209043714,0.21357971157178363,-0.007734498943340398,0.0214471570139286,True,True,Star
2011,41.2,0.0714950914184355,0.0857332953859636,0.3947233401928145,0.0872746358989364,-0.052103059275027,0.0482564571612798,0.0512192758934497,0.3015604216053293,0.03555555601411497,0.04973786652736475,0.07861419340219955,0.34814188089907194,-0.007734498943340398,0.0214471570139286,True,True,Star
2011,45.1,-0.150550926480401,0.0360390851246925,0.2320649510109935,-0.0267588357970904,-0.4058872757704763,0.0145615032665283,0.0148155299564426,0.1956294443441651,-0.1943990126826559,0.01468851661148545,-0.05725592067785425,0.21384719767757931,-0.007734498943340398,0.0214471570139286,False,False,Dog
2011,46.3,-0.1294213957839955,0.0272333348515603,0.1533362010615378,0.0007374209532589,-0.1196273736289756,0.0156758276976792,0.0159815347007254,0.1386752620764176,-0.08277044948657074,0.015828681199202298,-0.051094030466217605,0.1460057315689777,-0.007734498943340398,0.0214471570139286,False,False,Dog
2011,46.4,-0.0696782227935564,0.0402347576661832,0.2811980515316684,0.0461993398228308,-0.3190409873137704,0.0184328953974672,0.0188711299893698,0.2491216110234453,-0.114173290094832,0.0186520126934185,-0.014721732563686599,0.2651598312775568,-0.007734498943340398,0.0214471570139286,False,False,Dog
2011,46.7,0.2553931460159735,0.0400362062460317,0.1935205661713294,0.1935326443277885,0.3235002356384153,0.0211771098366241,0.0217172041912331,0.1700095979386026,0.25747534199405914,0.0214471570139286,0.14771467613100261,0.181765082054966,-0.007734498943340398,0.0214471570139286,True,True,Star
2011,46.9,-0.0635768159316984,0.0473366311748942,0.2564820301166663,-0.0217060799938723,-0.1593552231722739,0.0254793535337024,0.0263205106546657,0.218439572564003,-0.08154603969928154,0.02589993209418405,-0.008120092378402097,0.23746080134033465,-0.007734498943340398,0.0214471570139286,False,True,Cash cow
2011,47.1,0.2465495816028087,0.0433607636540813,0.2175218039047031,0.2095580621832367,0.2869100663056751,0.0185578663335037,0.0189643042601846,0.1620701562457027,0.24767257003057352,0.01876108529684415,0.144955172628445,0.1897959800752029,-0.007734498943340398,0.0214471570139286,True,False,Question mark
2011,47.4,-0.5990113128624394,0.0280823073030865,0.2162863542429349,-0.4674349922705982,-0.6768303985171455,0.015107075240773,0.0154770041988087,0.2092895298913867,-0.5810922345500611,0.015292039719790849,-0.28546450277967644,0.21278794206716078,-0.007734498943340398,0.0214471570139286,False,False,Dog
2011,49.4,0.3187194689777226,0.0899089359443899,0.2467180082812926,0.2591566982476594,0.7109716676174178,0.0373696443972528,0.039054734789791,0.1859146038421764,0.42961594494759997,0.0382121895935219,0.20431420246105625,0.2163163060617345,-0.007734498943340398,0.0214471570139286,True,True,Star
2011,52.2,-0.0364263089249116,0.093197456909025,0.7662701744484973,0.1161009800220187,-1.095948173979019,-0.0022768151593787,-0.0022790087559544,0.260273626371724,-0.33875783429397055,-0.00227791195766655,0.0283855739920567,0.5132719004101107,-0.007734498943340398,0.0214471570139286,False,False,Dog
2011,62.0,-0.0692604771709846,0.1142666696012249,0.2791336576272976,0.1301457912016781,-0.0840888108607147,0.0694618847463229,0.0761102848932082,0.2319817131261004,-0.007734498943340398,0.07278608481976555,0.02250309621512015,0.255557685376699,-0.007734498943340398,0.0214471570139286,True,True,Star
2012,10.1,0.135126963505374,0.0413529771362325,0.1692861917848919,0.1360948288939985,0.1947714289121851,0.0169113327436138,0.0172411063166561,0.1299590460048753,0.15533107377051922,0.01707621953013495,0.08823997032080325,0.1496226188948836,0.006272025548609696,0.02122990006923165,True,False,Question mark
2012,22.2,0.032854705564445,0.1104530065278595,0.3409311183336572,0.0369950824437321,0.1480991784647838,0.0495712976272717,0.0525469803266694,0.2504651999638231,0.07264965549098697,0.05105913897697055,0.07165385604615225,0.29569815914874015,0.006272025548609696,0.02122990006923165,True,True,Star
2012,29.3,0.0239085291352203,0.1071870150354898,0.3820656116198161,0.0604297490234766,0.054485193697745,0.0522364687502268,0.0555427961852894,0.2665925005296795,0.04627449061881397,0.0538896324677581,0.06554777208535505,0.3243290560747478,0.006272025548609696,0.02122990006923165,True,True,Star
2012,35.1,-0.12608359576683,0.1324642057168668,0.2715657484104028,0.075667005993449,-0.2704165875285763,0.0662545496984346,0.0719887561086062,0.1585404782076833,-0.10694439243398575,0.0691216529035204,0.0031903049750183904,0.21505311330904306,0.006272025548609696,0.02122990006923165,False,True,Cash cow
2012,41.2,-0.7029108275875443,0.0291642625162637,0.4492362947181376,-0.1768104252721685,-1.0269774194690684,-0.0015814518634561,-0.001582153064223,0.3322842793789886,-0.6355662241095937,-0.0015818024638395499,-0.3368732825356403,0.3907602870485631,0.006272025548609696,0.02122990006923165,False,False,Dog
2012,45.1,-0.1663519494841157,0.0299210022645656,0.2483364791954307,-0.0012743990793647,-0.3243508084272415,0.009851022043537,0.0099691491342057,0.210091082664112,-0.16399238566357396,0.00991008558887135,-0.06821547360977505,0.22921378092977135,0.006272025548609696,0.02122990006923165,False,False,Dog
2012,46.3,0.0193609704329602,0.0266128615079765,0.1485818592868134,0.0429771683680906,0.073561139757009,0.0161355012939417,0.0164478073886377,0.1334628636955994,0.04529975951935327,0.0162916543412897,0.022986915970468348,0.1410223614912064,0.006272025548609696,0.02122990006923165,True,False,Question mark
2012,46.4,-0.0095706914153705,0.0393238159173797,0.2830118904264629,0.0131692283971345,0.0968388933825221,0.0199551230168913,0.0204254450986793,0.2558415152173172,0.033479143454762036,0.0201902840577853,0.014876562251004598,0.2694267028218901,0.006272025548609696,0.02122990006923165,True,False,Question mark
2012,46.7,-0.2838805796772577,0.0257538157421822,0.184160147334258,0.0992834794222801,-0.4858699522648665,0.0099044411155143,0.0100295192451692,0.1506050693929695,-0.22348901750661473,0.009966980180341749,-0.12906338196753775,0.16738260836361374,0.006272025548609696,0.02122990006923165,False,False,Dog
2012,46.9,-0.0682035852317417,0.0430172299300943,0.2338766729480541,0.0222816746010665,-0.0684246485265862,0.0232185886856838,0.0239131263530677,0.2035911436354323,-0.03811551971908713,0.02356585751937575,-0.012593177650823704,0.2187339082917432,0.006272025548609696,0.02122990006923165,False,True,Cash cow
2012,47.1,0.2166165695680024,0.0500783036637533,0.2153474786356913,0.055798647672993,0.2600207999306669,0.0221474971900041,0.0226836840128297,0.1662295054247372,0.17747867239055407,0.0224155906014169,0.13334743661587786,0.19078849203021425,0.006272025548609696,0.02122990006923165,True,True,Star
2012,47.4,-0.0042674253200569,0.0330161857920347,0.228649820750037,-0.152855700787197,0.175939202753083,0.0209704557193779,0.0214893444190854,0.2183550939208436,0.006272025548609696,0.02122990006923165,0.0143743802359889,0.2235024573354403,0.006272025548609696,0.02122990006923165,True,True,Star
2012,49.4,-0.0303651542556272,0.0782549994597425,0.2401776572474129,0.1022131899865852,-0.1704378750833518,0.0281256311348822,0.0290819570619966,0.1773136085994106,-0.03286327978413126,0.0286037940984394,0.02394492260205765,0.20874563292341175,0.006272025548609696,0.02122990006923165,False,True,Cash cow
2012,52.2,0.009884053875159,0.0903320228045316,0.7827853123689975,0.0555219519119742,-2.805352798053528,0.0038942388750792,0.0039488827243033,0.2668524564997904,-0.9133155974221316,0.00392156079969125,0.050108038339845305,0.524818884434394,0.006272025548609696,0.02122990006923165,False,False,Dog
2012,62.0,0.1646506559830942,0.1100283765081193,0.2816366644343648,0.2006132737085439,0.1220566121916155,0.0649169626737144,0.070606970285252,0.2299462096518613,0.1624401806277512,0.0677619664794832,0.13733951624560675,0.255791437043113,0.006272025548609696,0.02122990006923165,True,True,Star
2013,10.1,0.0160896961020151,0.0412727779265426,0.169304510148716,0.0198167705428344,0.0920162111441633,0.0181085956237505,0.0184934989762273,0.1270748466879177,0.042640892596337604,0.018301047299988903,0.02868123701427885,0.14818967841831684,0.05521060244748243,0.02713770106822585,False,False,Dog
2013,22.2,0.1645370657265916,0.1194884534414183,0.3218203093302809,0.0908631797890153,0.3473641986491032,0.0612272858237668,0.0657700011179895,0.2353042636304657,0.2009214813882367,0.06349864347087815,0.14201275958400494,0.2785622864803733,0.05521060244748243,0.02713770106822585,True,True,Star
2013,29.3,0.0801995043492209,0.1092095727777793,0.3613700338538619,0.0632496780670426,0.1411486352020268,0.0560635721333706,0.0597839371276536,0.25629751048253,0.09486593920609676,0.057923754630512095,0.0947045385635001,0.30883377216819596,0.05521060244748243,0.02713770106822585,True,True,Star
2013,35.1,0.1425403301800329,0.1634620889538934,0.3296259931552189,-0.0542765386983951,0.2298976927666658,0.0861629441837565,0.0956270199979567,0.1718850518204259,0.10605382808276786,0.0908949820908566,0.15300120956696314,0.2507555224878224,0.05521060244748243,0.02713770106822585,True,True,Star
2013,41.2,0.6083540533002605,0.0571836973664083,0.48022733613437,-0.1499163432376757,-16.970684751695472,0.0297110395668981,0.030804318815965,0.3652054187381578,-5.504082347210962,0.03025767919143155,0.3327688753333344,0.4227163774362639,0.05521060244748243,0.02713770106822585,False,True,Cash cow
2013,45.1,0.1093111050708224,0.0299090832399889,0.2389722399071711,0.113069766702581,0.43391950688905,0.0126906444623575,0.0128812043368268,0.2032696439848639,0.21876679288748446,0.01278592439959215,0.06961009415540564,0.2211209419460175,0.05521060244748243,0.02713770106822585,True,False,Question mark
2013,46.3,0.0225678600726784,0.0271872477574915,0.1560893743757636,0.0018172899379955,0.0606046067817027,0.0170823434342463,0.0174278194991479,0.135916425114261,0.028329918930792203,0.0172550814666971,0.02487755391508495,0.1460028997450123,0.05521060244748243,0.02713770106822585,False,False,Dog
2013,46.4,0.2221627075573935,0.0462878305380605,0.2854571218689558,0.050819145518792,0.4752297758299209,0.0280147081259481,0.0290210647984337,0.2547367852980677,0.24940387630203545,0.0285178864621909,0.134225269047727,0.2700969535835117,0.05521060244748243,0.02713770106822585,True,True,Star
2013,46.7,0.2033068388868559,0.0318557366486178,0.1870072861152506,-0.0210079014865248,0.5878868600765246,0.0160646157692257,0.0163707793191224,0.1506794623297056,0.2567285991589519,0.01621769754417405,0.11758128776773685,0.1688433742224781,0.05521060244748243,0.02713770106822585,True,False,Question mark
2013,46.9,0.0157795608366766,0.0427069827090042,0.2372645582842329,0.0248319067300704,0.1192141226538854,0.0253569118939947,0.0261581194545269,0.2078634900253452,0.053275196740210806,0.0257575156742608,0.0292432717728404,0.22256402415478904,0.05521060244748243,0.02713770106822585,False,False,Dog
2013,47.1,-0.0116148288463995,0.0467707096921242,0.2208067225990591,0.0523496683645081,-0.1817178230590662,0.0172213692456379,0.0175394031372131,0.1683243797933791,-0.046994327846985866,0.017380386191425498,0.01757794042286235,0.1945655511962191,0.05521060244748243,0.02713770106822585,False,False,Dog
2013,47.4,0.0,,,0.0,0.0,,,,0.0,,0.0,,0.05521060244748243,0.02713770106822585,False,False,
2013,49.4,0.015420717398592,0.0773181559131156,0.2445288628494456,0.0297664562297597,0.1034599789221726,0.0301383951200925,0.0312250821696061,0.1766436829387167,0.04954905085017477,0.0306817386448493,0.0463694366558538,0.21058627289408116,0.05521060244748243,0.02713770106822585,False,True,Cash cow
2013,52.2,0.1042176039119804,0.0916719985253194,0.8398908943148601,0.0817140686595774,-0.0202998652291105,0.0035269822786652,0.0035555574576678,0.2497577113884744,0.05521060244748243,0.0035412698681665,0.0979448012186499,0.5448243028516673,0.05521060244748243,0.02713770106822585,True,False,Question mark
2013,62.0,0.1715202404184643,0.1137335836790266,0.2390245460632193,0.1372985132487352,0.1929281995773413,0.0680923033858276,0.0743183577004466,0.1962302263621045,0.16724898441484695,0.0712053305431371,0.14262691204874545,0.2176273862126619,0.05521060244748243,0.02713770106822585,True,True,Star
2014,10.1,0.2612556524018612,0.052262813068894,0.1720685912456342,0.0080913951395349,0.5757797360049726,0.0283061220133366,0.0292577250788114,0.1285745953605835,0.2817089278487896,0.028781923546074,0.15675923273537762,0.15032159330310885,0.08761860472500589,0.0310087605412057,True,False,Question mark
2014,22.2,0.0423842599934451,0.1166744538256316,0.3182814734269088,0.0642176876081686,0.0132754552933758,0.0582964431449079,0.0624277041673758,0.2322019114385,0.03995913429832983,0.06036207365614185,0.07952935690953836,0.2752416924327044,0.08761860472500589,0.0310087605412057,False,True,Cash cow
2014,29.3,-0.0541195831546471,0.0966308207106184,0.3808858859279259,0.0531482663824351,-0.1437757785467127,0.0455804656704945,0.0478840358939467,0.2778834440041126,-0.048249031772974904,0.0467322507822206,0.021255618777985652,0.32938466496601926,0.08761860472500589,0.0310087605412057,False,True,Cash cow
2014,35.1,0.459797022631023,0.2525170568555598,0.4232576133137848,-0.0218696994197636,0.3034553456311264,0.1148206431443854,0.1319040044327968,0.1784462827689008,0.2471275562807953,0.1233623237885911,0.3561570397432914,0.3008519480413428,0.08761860472500589,0.0310087605412057,True,True,Star
2014,41.2,0.0694818012433819,0.0588630442786181,0.4456816041188504,0.0411559882485883,0.1188803046491877,0.0319290263680622,0.0331735788358086,0.3086145494694587,0.07650603138038596,0.032551302601935395,0.06417242276099999,0.3771480767941545,0.08761860472500589,0.0310087605412057,False,True,Cash cow
2014,45.1,0.2709036656284711,0.0337436621481679,0.2447324837098661,0.1291111623118905,0.3395663442695491,0.0150560553967573,0.0153178276104301,0.1934164483635973,0.24652705740330358,0.0151869415035937,0.15232366388831953,0.2190744660367317,0.08761860472500589,0.0310087605412057,True,False,Question mark
2014,46.3,0.0931345226320079,0.0313299151259462,0.1591984841016641,-0.0489361806252489,0.0967571697107991,0.019699185538662,0.0201499465624226,0.1378625219594015,0.046985170572519365,0.0199245660505423,0.06223221887897705,0.14853050303053278,0.08761860472500589,0.0310087605412057,False,False,Dog
2014,46.4,0.2784184723892613,0.0563598317617632,0.295213260972519,0.052745067499532,0.218582610604004,0.0324278281773495,0.0336820211054917,0.2568255180560823,0.18324871683093244,0.0330549246414206,0.16738915207551225,0.2760193895143006,0.08761860472500589,0.0310087605412057,True,True,Star
2014,46.7,-0.0275862825685542,0.0306550970869348,0.1960069480259602,0.009469984936008,-0.0029617112651784,0.0158667788589539,0.0161527011375231,0.1587643347934996,-0.007026002965908201,0.0160097399982385,0.0015344072591902992,0.1773856414097299,0.08761860472500589,0.0310087605412057,False,False,Dog
2014,46.9,0.1769142930362621,0.0472806969799669,0.2249824988945806,0.0696623524942292,0.283691739732349,0.030430591735365,0.0315869293470464,0.1969360248267374,0.17675612842094676,0.0310087605412057,0.1120974950081145,0.210959261860659,0.08761860472500589,0.0310087605412057,True,True,Star
2014,47.1,-0.1655807414552343,0.0369894108463211,0.2267893766205411,0.0448898741003664,-0.4341587653822877,0.0093259213983188,0.0094065103582074,0.168270075314466,-0.18494987757905187,0.0093662158782631,-0.0642956653044566,0.19752972596750357,0.08761860472500589,0.0310087605412057,False,False,Dog
2014,47.4,0.3215079365079365,0.0299959647492019,0.2047465787292599,0.4531341894372933,0.3638580660895012,0.0196820950125201,0.0201492322214776,0.1977729405947389,0.37950006401157704,0.019915663616998848,0.17575195062856921,0.20125975966199938,0.08761860472500589,0.0310087605412057,True,False,Question mark
2014,49.4,0.1952642606617876,0.0836511625778941,0.2503688925140467,0.1104343490374983,0.266742209631728,0.034380760341457,0.0358029153665254,0.1678239614387873,0.1908136064436713,0.0350918378539912,0.13945771161984083,0.209096426976417,0.08761860472500589,0.0310087605412057,True,True,Star
2014,52.2,0.1098743159741095,0.1000865158298107,0.953783080199493,0.016793724148806,0.1361877740521022,0.0039411279290423,0.0039739544349963,0.280887751368062,0.08761860472500589,0.0039575411820193,0.1049804159019601,0.6173354157837775,0.08761860472500589,0.0310087605412057,True,False,Question mark
2014,62.0,-0.1054975194611383,0.0928117688071536,0.2633256514179671,0.0769379814823298,-0.1706150313564761,0.0524400976468361,0.0562321955653539,0.2209702629868926,-0.06639152311176154,0.054336146606094995,-0.006342875326992355,0.24214795720242985,0.08761860472500589,0.0310087605412057,False,True,Cash cow
2015,10.1,0.0363786339663816,0.0535175913947912,0.1882678618593428,0.0108748947042605,-0.0098152960831631,0.0277267634122118,0.0286247758291596,0.1411098502359728,0.012479410862492999,0.0281757696206857,0.044948112680586405,0.16468885604765782,0.09264991302584251,0.023553344074279,False,True,Cash cow
2015,22.2,0.0413133730915384,0.1145328991855918,0.3204738676296762,0.061406785142555,0.0636278623060202,0.05841843303643,0.0625950658798064,0.2268615335923168,0.055449340180037866,0.060506749458118195,0.07792313613856511,0.27366770061099654,0.09264991302584251,0.023553344074279,False,True,Cash cow
2015,29.3,0.1707655460232779,0.1025348969783756,0.3573733693431213,0.1135302266725986,0.3285431167983033,0.0543816525824777,0.0576570607811518,0.2692502736729772,0.20427962983139325,0.05601935668181475,0.13665022150082676,0.31331182150804926,0.09264991302584251,0.023553344074279,True,True,Star
2015,35.1,-0.5941918389042836,0.0866589899893801,0.5162588224638942,-0.0127163086856239,-1.3234671126636188,-0.0376190777168095,-0.0360819698835197,0.2122309906269366,-0.6434584200845088,-0.0368505238001646,-0.2537664244574518,0.3642449065454154,0.09264991302584251,0.023553344074279,False,False,Dog
2015,41.2,0.1962175756467621,0.0670586790517052,0.3981246951467173,0.0634751647600773,0.4544842404245812,0.0436684063749852,0.0459518967732951,0.2872237114929182,0.23805899361047353,0.04481015157414015,0.13163812734923364,0.34267420331981774,0.09264991302584251,0.023553344074279,True,True,Star
2015,45.1,0.0397379650734348,0.031092482194266,0.2670092559050417,0.1281629787835703,0.1100487952205224,0.0148143100493906,0.0150687950268223,0.2147493660528812,0.09264991302584251,0.01494155253810645,0.0354152236338504,0.24087931097896145,0.09264991302584251,0.023553344074279,True,False,Question mark
2015,46.3,0.0295709224665916,0.0314612349858004,0.1645928348393187,0.0258843793501279,0.0597031340937523,0.020348578333592,0.0208266010132614,0.1432455754089145,0.0383861453034906,0.0205875896734267,0.030516078726196,0.1539192051241166,0.09264991302584251,0.023553344074279,False,False,Dog
2015,46.4,-0.1902364452098069,0.0440239257521495,0.310183466898494,0.0265702230728559,-0.3245442599769211,0.0213366433065908,0.0219460261904632,0.2517524797671669,-0.1627368273712907,0.021641334748527002,-0.0731062597288287,0.28096797333283047,0.09264991302584251,0.023553344074279,False,False,Dog
2015,46.7,0.1389492925915956,0.0358461940034808,0.2097359868046462,-0.0211464339914477,0.2033620900636319,0.0195059617018562,0.0199561816829084,0.1609683799660476,0.1070549828879266,0.0197310716923823,0.0873977432975382,0.1853521833853469,0.09264991302584251,0.023553344074279,True,False,Question mark
2015,46.9,-0.0032613968769362,0.0471992311555472,0.2168192427918544,-0.0022413229413584,0.0065929483492463,0.0307000277313679,0.0318442531970488,0.188411621212026,0.0003634095103172334,0.03127214046420835,0.021968917139305502,0.2026154320019402,0.09264991302584251,0.023553344074279,False,True,Cash cow
2015,47.1,-0.1222687297893558,0.0312861207073922,0.2335783364693885,0.0391961755922611,-0.346517224475244,0.0058644644224424,0.0059234593794536,0.1838102761339474,-0.14319659289077957,0.005893961900948,-0.0454913045409818,0.20869430630166796,0.09264991302584251,0.023553344074279,False,False,Dog
2015,47.4,0.1962644886193021,0.0340146277072614,0.2080246257301004,0.0592820830466511,0.2501564595440324,0.0232286551533958,0.0238780329951622,0.1989610812463038,0.1685676770699952,0.023553344074279,0.11513955816328175,0.2034928534882021,0.09264991302584251,0.023553344074279,True,True,Star
2015,49.4,0.1888471993567901,0.0880383048371947,0.2494809824272926,0.1371812240355578,0.3437056726259697,0.0406246794473677,0.042588877534447,0.1694986696884658,0.22324469867277252,0.041606778490907353,0.1384427520969924,0.2094898260578792,0.09264991302584251,0.023553344074279,True,True,Star
2015,52.2,0.0546468446164383,0.1061301101888727,0.9925466065783912,0.0106441768380969,2.98948164964056,0.0155574611838082,0.0159402578209185,0.2537199096315147,1.0182575570316983,0.01574885950236335,0.0803884774026555,0.6231332581049529,0.09264991302584251,0.023553344074279,True,False,Question mark
2015,62.0,0.2995887705501998,0.105307060796134,0.2761546016010045,0.1599987511196017,0.3641519122998951,0.0616692556065941,0.0669724626502749,0.223131295085657,0.2745798113232322,0.0643208591284345,0.2024479156731669,0.24964294834333076,0.09264991302584251,0.023553344074279,True,True,Star
2016,10.1,-0.0421583680631717,0.0474361148928661,0.1954336453572028,0.0761868731744068,-0.1307384060178568,0.0223955626670788,0.0230256251172611,0.1432817311853259,-0.03223663363554057,0.02271059389216995,0.0026388734148472016,0.16935768827126435,0.13181676048338106,0.0285436689722047,False,False,Dog
2016,22.2,0.1538969767019038,0.1218602286138272,0.3269489097564858,0.0902224588255788,0.1658934024023668,0.0624731816011459,0.0672920322547242,0.2365826834314817,0.13667094597661647,0.06488260692793504,0.1378786026578655,0.2817657965939837,0.13181676048338106,0.0285436689722047,True,True,Star
2016,29.3,0.1508334861368443,0.107353622216061,0.3728756564575317,0.1058618157910895,0.1387549795222094,0.0559992006131823,0.0597331339982262,0.2879774256992092,0.13181676048338106,0.05786616730570425,0.12909355417645266,0.33042654107837044,0.13181676048338106,0.0285436689722047,True,True,Star
2016,35.1,0.2927680337617377,0.1297082594990312,0.6188093679573426,-0.0456801314173971,-2.193093288969344,0.0470314730299012,0.0498422967429782,0.2202352281460805,-0.6486684622083344,0.0484368848864397,0.21123814663038445,0.4195222980517116,0.13181676048338106,0.0285436689722047,False,True,Cash cow
2016,41.2,0.0197984680340539,0.0737261555853334,0.4196934680081359,-0.0715781723763135,-0.0328737489794029,0.0454888725026847,0.0479113990954181,0.295488328128789,-0.028217817773887502,0.0467001357990514,0.046762311809693646,0.35759089806846245,0.13181676048338106,0.0285436689722047,False,True,Cash cow
2016,45.1,0.1698457633334569,0.0297070409046941,0.2377942793543881,0.2245180465208609,0.2000969280606734,0.0145188615489377,0.0147696513262727,0.1937280065174255,0.19815357930499708,0.0146442564376052,0.09977640211907551,0.2157611429359068,0.13181676048338106,0.0285436689722047,True,False,Question mark
2016,46.3,0.2208983765555265,0.0365033451321298,0.1671185932578377,0.0585078935317424,0.3007987337885582,0.0250063368374305,0.0257457699581328,0.1442593407145192,0.19340166795860902,0.02537605339778165,0.12870086084382815,0.15568896698617846,0.13181676048338106,0.0285436689722047,True,False,Question mark
2016,46.4,0.6522668031909262,0.0722290643441852,0.2957563980280402,0.0349351846652608,1.3470004443786108,0.0483867125826951,0.051146051244397,0.2432024292198584,0.6780674774115992,0.04976638191354605,0.3622479337675557,0.26947941362394934,0.13181676048338106,0.0285436689722047,True,True,Star
2016,46.7,0.1252331713282062,0.0394338115570048,0.2319983511987982,0.0295481686249738,0.2031167774656481,0.0227944165210342,0.0234729898823285,0.1897097696624913,0.1192993724729427,0.02313370320168135,0.08233349144260549,0.21085406043064475,0.13181676048338106,0.0285436689722047,False,False,Dog
2016,46.9,-0.0778646260011372,0.0444824713331258,0.2249283283605557,-0.0237703287226948,-0.1079128126376437,0.0280539530774443,0.0290333848669651,0.194661071199943,-0.06984925578715856,0.0285436689722047,-0.016691077334005697,0.20979469978024934,0.13181676048338106,0.0285436689722047,False,True,Cash cow
2016,47.1,0.5022036101331635,0.044116865435098,0.2272830718071933,0.0725663565805803,1.5490503631465886,0.0139374268771073,0.0141735278204494,0.1838438009871567,0.707940109953444,0.01405547734877835,0.27316023778413073,0.205563436397175,0.13181676048338106,0.0285436689722047,True,False,Question mark
2016,47.4,-0.1263115618253928,0.030051389378147,0.2225827964015183,-0.0135654150026911,-0.1472502324250877,0.020080632395092,0.0205902871312432,0.207619997103431,-0.0957090697510572,0.0203354597631676,-0.0481300862236229,0.21510139675247464,0.13181676048338106,0.0285436689722047,False,False,Dog
2016,49.4,0.128652630077682,0.0909998692448006,0.2704268634798505,0.0931552269662348,0.1273763896946238,0.0418964327463161,0.0439717680050373,0.1884189943689823,0.11639474891284686,0.0429341003756767,0.1098262496612413,0.2294229289244164,0.13181676048338106,0.0285436689722047,False,True,Cash cow
2016,52.2,0.3899195478268797,0.1423326457148708,1.1403382137433091,0.0412551139166996,0.2823163445306422,0.0191591728950628,0.0197227179279374,0.2794085014525603,0.2378303354247405,0.0194409454115001,0.2661260967708753,0.7098733575979347,0.13181676048338106,0.0285436689722047,True,False,Question mark
2016,62.0,0.2132505247818468,0.1231636073918522,0.2417725977865062,0.0525489198619635,0.2500804704932433,0.0732427069268851,0.0807065272904408,0.1833557725747719,0.1719599717123512,0.07697461710866295,0.1682070660868495,0.21256418518063905,0.13181676048338106,0.0285436689722047,True,True,Star
2017,10.1,0.1294736910977636,0.0492826211360584,0.2004868372425629,0.0868062007102834,0.1446797325713054,0.0235881490810242,0.0242439840395639,0.1431493705933584,0.12031987479311745,0.02391606656029405,0.089378156116911,0.17181810391796065,0.022634270893502565,0.02858819642342675,True,False,Question mark
2017,22.2,0.0210770955756669,0.1135404904729679,0.3282397488381242,0.0858464109501828,-0.0326582917005291,0.0556551217589539,0.0593982706452401,0.2365990543173174,0.024755071608440204,0.057526696202097,0.0673087930243174,0.2824194015777208,0.022634270893502565,0.02858819642342675,True,True,Star
2017,29.3,-0.0349899466476736,0.0958771296141516,0.3558449041542527,0.0729082661742699,-0.0866819673812698,0.0476695737601353,0.0504898193767052,0.30099470691269,-0.01625454928489117,0.04907969656842025,0.030443591483238996,0.32841980553347133,0.022634270893502565,0.02858819642342675,False,True,Cash cow
2017,35.1,0.3974783474359482,0.1911220223575636,0.6420771368387339,-0.0041432123578882,0.922211506566581,0.0907805617742511,0.1010176432111184,0.2349192481788013,0.43851554721488034,0.09589910249268475,0.2943001848967559,0.4384981925087676,0.022634270893502565,0.02858819642342675,True,True,Star
2017,41.2,-0.2335121560820002,0.0547513215285936,0.3978941321458806,0.0220564466241395,-0.226897887247329,0.0344086117305175,0.0358875209885082,0.3046338273327036,-0.14611786556839657,0.03514806635951285,-0.0893804172767033,0.35126397973929213,0.022634270893502565,0.02858819642342675,False,True,Cash cow
2017,45.1,0.1777440409726063,0.0299261695607433,0.2512238295504596,0.169834996806091,0.2176029246105124,0.0151117109098865,0.0153821395835569,0.2132398076341218,0.1883939874630699,0.0152469252467217,0.1038351052666748,0.2322318185922907,0.022634270893502565,0.02858819642342675,True,False,Question mark
2017,46.3,0.0590996593064672,0.035994574771412,0.1902376267794892,0.0699655021655814,-0.1217794001289902,0.0205250357076897,0.0210512097590363,0.14539476664307,0.002428587114352796,0.020788122733363,0.0475471170389396,0.1678161967112796,0.022634270893502565,0.02858819642342675,False,False,Dog
2017,46.4,-0.1599843879882849,0.0570617688152582,0.2941650779651512,0.0498511257943774,-0.257141234237532,0.0342377054282687,0.0357325693309031,0.2490487667855987,-0.12242483214381317,0.034985137379585904,-0.05146130958651335,0.2716069223753749,0.022634270893502565,0.02858819642342675,False,True,Cash cow
2017,46.7,0.1116751588270881,0.0394379430267247,0.2086915967639048,0.1119829440204729,0.2230988986839992,0.0250721702998603,0.0258284047840784,0.1777210120817112,0.14891900051052007,0.02545028754196935,0.0755565509269064,0.193206304422808,0.022634270893502565,0.02858819642342675,True,False,Question mark
2017,46.9,0.0214835176320575,0.0444730734731992,0.2236603351431767,0.0226556504355703,0.0237636446128799,0.0280843480756502,0.0290920447712033,0.1944610151523138,0.022634270893502565,0.02858819642342675,0.03297829555262835,0.20906067514774523,0.022634270893502565,0.02858819642342675,True,True,Star
2017,47.1,0.0123986121576593,0.0429305419129175,0.222285603150169,0.0442543817182483,0.3737938537820822,0.0183357156230476,0.0187158567040075,0.185244717631122,0.14348228255266327,0.018525786163527548,0.0276645770352884,0.2037651603906455,0.022634270893502565,0.02858819642342675,True,False,Question mark
2017,47.4,0.2138137102798367,0.0383594280588211,0.283479234599376,-0.0435192638673236,0.2687856424018786,0.0266372516567951,0.0274730063956592,0.2661594748962962,0.14636002960479721,0.02705512902622715,0.1260865691693289,0.27481935474783614,0.022634270893502565,0.02858819642342675,True,False,Question mark
2017,49.4,-0.0404464291173527,0.082589571558835,0.2800754706547219,0.0481507236030032,-0.1492333973047641,0.0340066413636645,0.0353834014615493,0.1944143218228951,-0.04717636760637119,0.0346950214126069,0.021071571220741152,0.23724489623880848,0.022634270893502565,0.02858819642342675,False,True,Cash cow
2017,52.2,-0.0260697214911742,0.1222143517789773,0.9418851942147266,0.128956352907402,-0.3710080615339102,0.0106744297666049,0.0109370868660306,0.2833921406394968,-0.08937381003922745,0.01080575831631775,0.04807231514390155,0.6126386674271117,0.022634270893502565,0.02858819642342675,False,False,Dog
2017,62.0,-0.0424277261587122,0.1046458244459341,0.2467232597027388,0.0932229015793135,-0.2492799036380141,0.0502960301348706,0.0537594284562411,0.1941895698096921,-0.06616157607247093,0.05202772929555585,0.031109049143610946,0.22045641475621547,0.022634270893502565,0.02858819642342675,False,True,Cash cow
2018,10.1,0.1639667142646117,0.0578953623979732,0.2042264256661669,-0.0005966374148599,0.2843037393357395,0.0303124336007899,0.0314254245846716,0.1511255400005864,0.14922460539516377,0.03086892909273075,0.11093103833129245,0.17767598283337666,0.07315691773750653,0.0302628298079805,True,True,Star
2018,22.2,0.0235891105137633,0.109492250436099,0.3275264005705283,0.0588956364596306,-0.0012457203055044,0.0524941166341208,0.0558906825428921,0.2435394406646234,0.027079675555963165,0.054192399588506454,0.06654068047493115,0.28553292061757585,0.07315691773750653,0.0302628298079805,False,True,Cash cow
2018,29.3,-0.0396421328115565,0.0869170983733704,0.3483501267272105,0.0464335236596185,-0.1397813233377556,0.0391866819342604,0.0409986712856635,0.2765635507196095,-0.04432997749656453,0.04009267660996195,0.02363748278090695,0.31245683872341,0.07315691773750653,0.0302628298079805,False,True,Cash cow
2018,35.1,-0.4521029097983211,0.0940912766181168,0.7156593673855763,0.0250777985653209,-0.8362336601959898,0.0145030946411367,0.0148648834839865,0.3256864022928058,-0.4210862571429967,0.0146839890625616,-0.17900581659010215,0.520672884839191,0.07315691773750653,0.0302628298079805,False,False,Dog
2018,41.2,0.3247563985728885,0.066020117254117,0.3761071948004846,0.1096938523525705,0.4290056570318876,0.0443096090955914,0.0466791637209105,0.2985785563972293,0.2878186359857822,0.04549438640825095,0.19538825791350276,0.33734287559885695,0.07315691773750653,0.0302628298079805,True,True,Star
2018,45.1,0.1217497412952584,0.0293987923220104,0.2263459768775937,0.1412653614536492,0.1174728414241743,0.0147966696437211,0.0150534521002759,0.1922142474554813,0.12682931472436063,0.0149250608719985,0.0755742668086344,0.2092801121665375,0.07315691773750653,0.0302628298079805,True,False,Question mark
2018,46.3,0.00994048989568,0.0349204988314618,0.2043006026139455,0.0375675276060087,-0.1381853145926629,0.0170483141778834,0.0174276390476241,0.1500668451950948,-0.030225765696991397,0.017237976612753753,0.0224304943635709,0.17718372390452014,0.07315691773750653,0.0302628298079805,False,False,Dog
2018,46.4,-0.1034468082087805,0.0485190775048768,0.2975859016078067,0.0372487238513887,-0.1090881285948531,0.0294073904496674,0.030191885450323,0.2626954208586828,-0.0584287376507483,0.029799637949995197,-0.027463865351951847,0.28014066123324477,0.07315691773750653,0.0302628298079805,False,False,Dog
2018,46.7,0.0350812482887057,0.036472125937353,0.1985200882058724,0.11723544187516,0.0435081560516485,0.0234176371579372,0.0240805174286521,0.170713325719468,0.06527494873850473,0.02374907729329465,0.03577668711302935,0.1846167069626702,0.07315691773750653,0.0302628298079805,False,False,Dog
2018,46.9,0.0855250928971811,0.0477718590966819,0.2240822858840455,0.013380687974791,0.1205649723405475,0.0310548021074743,0.0322586673188814,0.1960466866001002,0.07315691773750653,0.03165673471317785,0.0666484759969315,0.21006448624207286,0.07315691773750653,0.0302628298079805,True,True,Star
2018,47.1,0.1513618605467253,0.0484043760349002,0.2181479729617763,0.0235344395298933,0.2908619984550369,0.023124652770005,0.0236589759964117,0.1878435560072715,0.1552527661772185,0.02339181438320835,0.09988311829081274,0.2029957644845239,0.07315691773750653,0.0302628298079805,True,False,Question mark
2018,47.4,-0.1236981632266616,0.0428248532674453,0.2958418189207455,-0.21586051228599,-0.23233525018177,0.0260776041117021,0.0268687723973913,0.255048129278813,-0.19063130856480723,0.026473188254546698,-0.040436654979608154,0.27544497409977925,0.07315691773750653,0.0302628298079805,False,False,Dog
2018,49.4,0.0810613333786458,0.0806383792472876,0.2746720448045321,0.1056420569344522,0.0690665529687066,0.0328816750707695,0.0341641457006901,0.1862016057559819,0.08525664776060153,0.0335229103857298,0.0808498563129667,0.230436825280257,0.07315691773750653,0.0302628298079805,True,True,Star
2018,52.2,0.0441488746014544,0.1251755990045353,0.8264838231943495,0.0400599252139757,1.8833102085929965,0.0295922298040942,0.0309334298118668,0.2772590181153963,0.6558396694694756,0.0302628298079805,0.08466223680299484,0.5518714206548729,0.07315691773750653,0.0302628298079805,True,True,Star
2018,62.0,0.2093769878838016,0.1111639396959873,0.2232973567118491,0.162463221007862,0.579390409087474,0.0683351233609928,0.0745803581796355,0.1733407449701061,0.31707687265971257,0.07145774077031415,0.16027046378989446,0.19831905084097762,0.07315691773750653,0.0302628298079805,True,True,Star
2019,10.1,-0.1175375687734378,0.047835950943698,0.2032698657698969,0.0567977713350518,-0.2957915004813644,0.0201990143826702,0.0207203375598456,0.1389330679913427,-0.11884376597325012,0.020459675971257897,-0.0348508089148699,0.17110146688061978,0.08965808742850341,0.02941506876201535,False,False,Dog
2019,22.2,0.1023283736381477,0.1160433949789307,0.3288365629400485,0.0488787587132713,0.1735741389721723,0.0587348511143166,0.0630631996556152,0.2358331276749339,0.10826042377453043,0.0608990253849659,0.1091858843085392,0.2823348453074912,0.08965808742850341,0.02941506876201535,True,True,Star
2019,29.3,0.0814741350221255,0.0910660687751037,0.3520812054427417,0.0372946471863084,0.1020432587692574,0.0416327402983602,0.0437727323504696,0.2855497304729003,0.07360401365923043,0.0427027363244149,0.0862701018986146,0.318815467957821,0.08965808742850341,0.02941506876201535,False,True,Cash cow
2019,35.1,0.3131018239494911,0.1025138075539377,0.6527730059663458,0.1532108966857033,-2.4693052208443502,-0.0184783830397933,-0.0181220836145225,0.2733211308571395,-0.6676641667363854,-0.0183002333271579,0.2078078157517144,0.46304706841174265,0.08965808742850341,0.02941506876201535,False,False,Dog
2019,41.2,0.202446401417041,0.0771591573376777,0.3972229013513739,0.0422802719350192,0.3000669634064679,0.0552686839593415,0.0589840035413849,0.3193650049399668,0.18159787891950938,0.0571263437503632,0.13980277937735935,0.35829395314567036,0.08965808742850341,0.02941506876201535,True,True,Star
2019,45.1,-0.0441175686412523,0.0265626886980823,0.2312282956924264,0.0569303886997667,-0.028622754491018,0.013598954439096,0.0138217200892933,0.1971308599306891,-0.005269978144167866,0.01371033726419465,-0.008777439971584998,0.21417957781155775,0.08965808742850341,0.02941506876201535,False,False,Dog
2019,46.3,0.1370561491347677,0.0376122821250366,0.2095251456297443,0.0600785278466229,0.2989067173849067,0.020889178701434,0.021442916491307,0.1533131203917527,0.16534713145543245,0.021166047596370502,0.08733421562990215,0.18141913301074852,0.08965808742850341,0.02941506876201535,True,False,Question mark
2019,46.4,0.0360714624806151,0.0485603311968337,0.3012845221978505,0.0474025196452629,0.0277441359996695,0.028855451961233,0.0299746855627977,0.2642438524295717,0.03707270604184917,0.02941506876201535,0.0423158968387244,0.2827641873137111,0.08965808742850341,0.02941506876201535,False,True,Cash cow
2019,46.7,-0.1033142407415503,0.0326873724998657,0.1922946248272201,-0.0032393303468722,-0.1512719819608025,0.0199397963596755,0.0204273963091883,0.1599117237314837,-0.08594185101640833,0.0201835963344319,-0.0353134341208423,0.1761031742793519,0.08965808742850341,0.02941506876201535,False,False,Dog
2019,46.9,-0.0567525406368361,0.0469728259088078,0.2330710868867512,-0.0408166022488184,-0.0481781677918863,0.0308164619092628,0.0320074433404031,0.2022568092974903,-0.0485824368925136,0.03141195262483295,-0.00488985736401415,0.21766394809212075,0.08965808742850341,0.02941506876201535,False,True,Cash cow
2019,47.1,0.1781200879453646,0.0544314836706003,0.2242893716942059,0.0537646781441412,0.3088742607716137,0.028722980972608,0.0295576468512053,0.1848249101308465,0.18025300895370652,0.02914031391190665,0.11627578580798245,0.2045571409125262,0.08965808742850341,0.02941506876201535,True,False,Question mark
2019,47.4,0.4315272000432175,0.0412068303287496,0.3043563591127858,0.4872991245343685,0.4442913724814878,0.0253235263923863,0.026084130417542,0.2831150322771548,0.454372565686358,0.02570382840496415,0.23636701518598355,0.29373569569497027,0.08965808742850341,0.02941506876201535,True,False,Question mark
2019,49.4,0.0863767466716964,0.0796285362074229,0.2744525533270154,0.0992993497316521,0.0832981658821618,0.0324030559137446,0.0336407023162842,0.1897955696019921,0.08965808742850341,0.033021879115014405,0.08300264143955965,0.23212406146450376,0.08965808742850341,0.02941506876201535,True,True,Star
2019,52.2,0.2469469487627558,0.1460332792079423,0.9328476140137713,0.0758415684820679,0.417594427724355,0.0389925257614004,0.0410264798974804,0.2825798821028374,0.24679431498972626,0.0400095028294404,0.19649011398534905,0.6077137480583044,0.08965808742850341,0.02941506876201535,True,True,Star
2019,62.0,0.1551479322087474,0.1141689523594744,0.2207552092496171,0.1366297510142791,0.1816756354856044,0.071043319296834,0.0783554531773448,0.1733544179566282,0.15781777290287696,0.0746993862370894,0.1346584422841109,0.19705481360312266,0.08965808742850341,0.02941506876201535,True,True,Star
2020,10.1,0.2085165059823082,0.0602631739172068,0.1947738429293779,-0.0304842600907299,0.4105098008580228,0.0293867408043265,0.0304661753558174,0.139326166686853,0.19618068224986704,0.029926458080071952,0.1343898399497575,0.16705000480811544,0.14774084046471597,0.03121574742414085,True,False,Question mark
2020,22.2,0.2802303942638326,0.1497836899261308,0.3197432816704655,0.0168056125606912,0.3852120318794922,0.0800155127481121,0.088074101736738,0.2210314809365951,0.22741601290133864,0.08404480724242505,0.21500704209498173,0.2703873813035303,0.14774084046471597,0.03121574742414085,True,True,Star
2020,29.3,-0.1421590551835001,0.0840235390988391,0.4249904479537603,-0.0955707336521488,-0.5751127938316336,0.0195584324487129,0.0200039113306228,0.3454820894730486,-0.27094752755576085,0.01978117188966785,-0.029067758042330506,0.38523626871340444,0.14774084046471597,0.03121574742414085,False,False,Dog
2020,35.1,-0.3739787341938573,0.058651225547463,0.6068726660272081,0.1084667777217158,-0.2597090843894325,-0.0123408110865056,-0.012260726100737,0.2547342529654288,-0.17507368028719136,-0.0123007685936213,-0.15766375432319715,0.4308034594963185,0.14774084046471597,0.03121574742414085,False,False,Dog
2020,41.2,0.0275577420161761,0.0823147567300086,0.4862489651549543,-0.0347559321466248,0.0118679707194104,0.0579383110912488,0.0619643763977075,0.4017554719275077,0.001556593529653899,0.05995134374447815,0.05493624937309235,0.444002218541231,0.14774084046471597,0.03121574742414085,False,True,Cash cow
2020,45.1,-0.0977465629436654,0.0275329810598454,0.2449278094327486,-0.131475901298036,-0.1956602145234866,0.0125939857196764,0.0127718645150071,0.2062592072097236,-0.14162755958839598,0.01268292511734175,-0.03510679094191,0.2255935083212361,0.14774084046471597,0.03121574742414085,False,False,Dog
2020,46.3,0.1826739926739926,0.0442673278915346,0.202480031408557,0.0102822232144794,0.2502663055056759,0.0258512281815585,0.0266793323499244,0.1452433201753481,0.14774084046471597,0.02626528026574145,0.11347066028276359,0.17386167579195255,0.14774084046471597,0.03121574742414085,True,False,Question mark
2020,46.4,0.2369661007888688,0.0590338270859598,0.2748095651586134,0.0298685972355734,0.4039936038006044,0.0393379020363312,0.0413600700998679,0.2506941447460782,0.2236094339416822,0.04034898606809955,0.1479999639374143,0.26275185495234576,0.14774084046471597,0.03121574742414085,True,True,Star
2020,46.7,0.2514311418415165,0.0438012908204935,0.1953403442667005,-0.0579084013331756,0.3062048544124904,0.0276464187111552,0.0285709214408248,0.1680378842580411,0.16657586497361043,0.02810867007599,0.147616216331005,0.18168911426237078,0.14774084046471597,0.03121574742414085,True,False,Question mark
2020,46.9,0.1672842826854887,0.0538809574090977,0.2323505055010626,0.0219547509826238,0.1480496562242597,0.0346187817679403,0.0361096796974045,0.1868695608849224,0.1124295632974574,0.035364230732672405,0.1105826200472932,0.20961003319299248,0.14774084046471597,0.03121574742414085,False,True,Cash cow
2020,47.1,0.0808724198614467,0.0552499465441955,0.2157187296225205,0.0677091630091728,0.1422039938142942,0.0307270038675157,0.031704490980766,0.1738211074227589,0.0969285255616379,0.03121574742414085,0.0680611832028211,0.1947699185226397,0.14774084046471597,0.03121574742414085,False,True,Cash cow
2020,47.4,0.7533869202611418,0.0651716220177772,0.2669401684674657,0.1271535716226743,0.7905091212590911,0.0402269984583713,0.042127380833823,0.225704615376373,0.5570165377143024,0.04117718964609715,0.4092792711394595,0.24632239192191935,0.14774084046471597,0.03121574742414085,True,True,Star
2020,49.4,0.2659500009946991,0.1013520400923658,0.2826545970812308,0.0134822579893425,0.4898778665821908,0.0476343768575581,0.0503921550457456,0.1919915951975138,0.2564367085220775,0.049013265951651855,0.18365102054353247,0.2373230961393723,0.14774084046471597,0.03121574742414085,True,True,Star
2020,52.2,-0.1746893305574594,0.1181354136925929,1.0016309644661772,-0.0371300233945732,-1.2611689977964065,-0.0105763385733115,-0.0105025966700246,0.3004196937561321,-0.4909961172494797,-0.01053946762166805,-0.028276958432433247,0.6510253291111546,0.14774084046471597,0.03121574742414085,False,False,Dog
2020,62.0,0.2408888014776302,0.1292536259879822,0.228543563003828,0.1052137750216699,0.2736824071766759,0.0818725100798156,0.0910525747381617,0.1829637951564426,0.20659499455865868,0.08646254240898865,0.18507121373280622,0.2057536790801353,0.14774084046471597,0.03121574742414085,True,True,Star
2021,10.1,0.1324878959342006,0.0634357507107108,0.1987963058314394,0.0813115399790398,0.2351396382467103,0.0335673180802354,0.0349769962474887,0.1424168233205898,0.1496463580533169,0.034272157163862046,0.0979618233224557,0.17060656457601459,0.1496463580533169,0.04508087065225608,True,False,Question mark
2021,22.2,0.0855807263574253,0.1271951572630047,0.2975968205897198,0.2713164329349453,0.1468507193952863,0.0721817526940209,0.0790130890552619,0.2188626592441223,0.1679159595625523,0.0755974208746414,0.10638794181021499,0.25822973991692105,0.1496463580533169,0.04508087065225608,True,True,Star
2021,29.3,-0.050964821660464,0.0675051954314436,0.3737905021589496,0.1826804558487551,0.0455535611592283,0.0172907133083284,0.0177057824665034,0.310946952128843,0.05908973178250646,0.0174982478874159,0.008270186885489795,0.3423687271438963,0.1496463580533169,0.04508087065225608,False,False,Dog
2021,35.1,1.3762702806594818,0.114449947164644,0.6408987880296416,0.3055006345693922,-6.648789501538351,0.0533976332603735,0.0568740624665136,0.4059961004729603,-1.655672862103159,0.055135847863443554,0.7453601139120629,0.523447444251301,0.1496463580533169,0.04508087065225608,False,True,Cash cow
2021,41.2,0.1742830995884106,0.0866894403540221,0.454136459331206,0.1249933207821867,0.2301738206099441,0.0633552148249676,0.0683634944081661,0.3697451881588273,0.17648341366018047,0.06585935461656685,0.13048626997121635,0.4119408237450166,0.1496463580533169,0.04508087065225608,True,True,Star
2021,45.1,0.5229801375685912,0.0352544574547914,0.1936455775266143,0.2058790006459314,1.338302721723136,0.0244208175694971,0.0251085479711401,0.1628144754386225,0.6890539533125528,0.0247646827703186,0.2791172975116913,0.1782300264826184,0.1496463580533169,0.04508087065225608,True,False,Question mark
2021,46.3,0.0285091115374771,0.043136814659825,0.223567755455618,0.0547117205589353,0.0297143784485556,0.0252385375455945,0.0260284529511165,0.1667487276351266,0.037645070181656,0.0256334952483555,0.03582296309865105,0.1951582415453723,0.1496463580533169,0.04508087065225608,False,False,Dog
2021,46.4,0.1837730048093249,0.0621261983765357,0.2724758031727721,0.1262591231071339,0.2207342460925021,0.0426377227051448,0.044885679357872,0.2393896216255478,0.17692212466965365,0.0437617010315084,0.12294960159293031,0.25593271239915993,0.1496463580533169,0.04508087065225608,True,False,Question mark
2021,46.7,0.7307240845565708,0.0569557994337775,0.1842460144331247,0.3584442728481409,1.1072873949780622,0.0428865216120763,0.045234648693417,0.1589271546466355,0.7321519174609247,0.04406058515274665,0.39383994199517414,0.1715865845398801,0.1496463580533169,0.04508087065225608,True,False,Question mark
2021,46.9,0.4206420886071436,0.0654090651575939,0.2293010117986367,0.1893204885286799,0.6186712936843337,0.0471163398012345,0.0499459481333317,0.1920009840976512,0.40954462360671906,0.0485311439672831,0.24302557688236875,0.21065099794814396,0.1496463580533169,0.04508087065225608,True,True,Star
2021,47.1,0.2272052131599087,0.0635018445806006,0.2130646876957755,0.0769899091522938,0.4122876652426923,0.0402931988342525,0.0419354432746519,0.1757636877817632,0.2388275958516316,0.0411143210544522,0.14535352887025466,0.19441418773876934,0.1496463580533169,0.04508087065225608,True,False,Question mark
2021,47.4,0.0,,,0.0,0.0,,,,0.0,,0.0,,0.1496463580533169,0.04508087065225608,False,False,
2021,49.4,-0.0160775333115232,0.0868539085955014,0.25362648518619,0.1492031738640862,0.0804209969801539,0.0447833612936557,0.0474189510098753,0.1820642173535346,0.07118221251090563,0.0461011561517655,0.0353881876419891,0.21784535126986232,0.1496463580533169,0.04508087065225608,False,True,Cash cow
2021,52.2,0.5346755713977946,0.1496889368415804,0.8413827791658384,0.3081611830923041,-7.710968651554204,0.0542574397796581,0.0581935585178313,0.2805098469191108,-2.289377299021368,0.056225499148744695,0.3421822541196875,0.5609463130424746,0.1496463580533169,0.04508087065225608,False,True,Cash cow
2021,62.0,0.0491232785145523,0.1145364539839453,0.2303236621808068,0.1702609349255472,0.0398627547364531,0.0727497358306688,0.0799728786271544,0.1874558577153869,0.08641565605885086,0.0763613072289116,0.0818298662492488,0.20888975994809683,0.1496463580533169,0.04508087065225608,False,True,Cash cow
2022,10.1,0.3598575066549088,0.0615852178681529,0.1752524752470819,0.4024034246907821,0.4205908510018161,0.0340026444016739,0.0354732123920452,0.1322141806151565,0.394283927449169,0.034737928396859546,0.21072136226153085,0.1537333279311192,0.19452551565080015,0.034737928396859546,True,True,Star
2022,22.2,0.1451338692261126,0.12126391079599,0.2780955648345604,0.1909153055673982,0.1061536981876094,0.0670443249078186,0.0727644499176919,0.2010050712196199,0.1474009576603734,0.06990438741275526,0.13319889001105129,0.23955031802709015,0.19452551565080015,0.034737928396859546,False,True,Cash cow
2022,29.3,0.1674470115922388,0.066515752950954,0.3572041947256011,0.1874830686633188,0.2535182314671287,0.0182522386541969,0.0187325074453626,0.2933158584110629,0.20281610390756208,0.01849237304977975,0.11698138227159639,0.325260026568332,0.19452551565080015,0.034737928396859546,True,False,Question mark
2022,35.1,0.3908119808184433,0.1083884632624877,0.4795134613535901,0.4262464396115768,-0.2339204502146903,0.0286814632531868,0.0296679240822793,0.2873170875551138,0.19437932340510997,0.02917469366773305,0.2496002220404655,0.383415274454352,0.19452551565080015,0.034737928396859546,False,False,Dog
2022,41.2,0.5371578951409497,0.105786474878838,0.4217638835740001,0.2835053915197603,0.6127228692784206,0.0796057457267794,0.0875244648899766,0.3451480255747439,0.4777953853130435,0.083565105308378,0.32147218500989383,0.383455954574372,0.19452551565080015,0.034737928396859546,True,True,Star
2022,45.1,0.2854219865785981,0.0390694571829454,0.2134187738618602,0.1601022499541848,0.1380523104196176,0.0239566536987578,0.024635503381617,0.1869590321753089,0.19452551565080015,0.0242960785401874,0.16224572188077174,0.20018890301858455,0.19452551565080015,0.034737928396859546,True,False,Question mark
2022,46.3,0.1858728694555125,0.0415562339377308,0.2062556689599621,0.2273078661255569,0.0916245081506463,0.0224483252288002,0.0230819029101366,0.1577239160862127,0.16826841457723854,0.0227651140694684,0.11371455169662166,0.1819897925230874,0.19452551565080015,0.034737928396859546,False,False,Dog
2022,46.4,0.0061227469959945,0.0544758854805731,0.2748540076685082,0.1374591692486773,-0.0984455023514169,0.0337948224547763,0.0352677974841068,0.2436383317717208,0.015045471297751632,0.03453130996944155,0.0302993162382838,0.2592461697201145,0.19452551565080015,0.034737928396859546,False,False,Dog
2022,46.7,0.1694747358201183,0.0497549791735649,0.1557354334807222,0.3252003135904757,0.0773964166606429,0.034867019147242,0.0364044522700751,0.135776935879388,0.1906904886904123,0.03563573570865855,0.1096148574968416,0.14575618468005508,0.19452551565080015,0.034737928396859546,False,True,Cash cow
2022,46.9,0.2921669927406687,0.0709466359806019,0.2184697855725206,0.1946045049115026,0.2451775488032324,0.0491109888344407,0.0522043587799157,0.1813534844640469,0.24398301548513457,0.0506576738071782,0.1815568143606353,0.19991163501828374,0.19452551565080015,0.034737928396859546,True,True,Star
2022,47.1,0.0767157007309888,0.0560156126939056,0.2039122890880026,0.2158264184898104,-0.0082646793328235,0.032866688746761,0.0340720859680095,0.1717205534631386,0.09475914662932523,0.03346938735738525,0.0663656567124472,0.1878164212755706,0.19452551565080015,0.034737928396859546,False,False,Dog
2022,47.4,-0.3110647181628392,0.0656321890928774,0.2820421743094282,-0.3212628229082537,-0.4457614703336218,0.032848285361339,0.0341303786204323,0.2289296187104591,-0.3593630038015716,0.03348933199088565,-0.12271626453498091,0.25548589650994363,0.19452551565080015,0.034737928396859546,False,False,Dog
2022,49.4,0.3163958538118765,0.0870993041969906,0.2404476131326561,0.3151094597198662,0.4226956012978033,0.0484469871712321,0.0513928549058396,0.1784057074061415,0.35140030494318203,0.04991992103853585,0.20174757900443357,0.20942666026939882,0.19452551565080015,0.034737928396859546,True,True,Star
2022,52.2,0.2449201750915657,0.1513610996851929,0.7461438713211506,0.2342485984624227,0.2958497329556087,0.056965419233138,0.0612509210772736,0.2706320633881636,0.25833950216986573,0.059108170155205794,0.19814063738837928,0.5083879673546571,0.19452551565080015,0.034737928396859546,True,True,Star
2022,62.0,0.3163281727238689,0.1143907958453214,0.2324742981654366,0.3174305905347991,0.339534293031799,0.0739703227284451,0.0812792592290276,0.1948086203255725,0.32443101876348895,0.07762479097873634,0.21535948428459514,0.21364145924550454,0.19452551565080015,0.034737928396859546,True,True,Star
2023,10.1,0.068857525965319,0.0619183976007193,0.1682215739281394,0.0659025395861994,0.129042270563169,0.0360168227531587,0.0376733402583861,0.128219831941968,0.08793411203822914,0.0368450815057724,0.06538796178301914,0.1482207029350537,0.06670444187390637,0.035746036226569605,True,True,Star
2023,22.2,0.0220762052220855,0.1345690734242439,0.295332084564566,-0.0744340098502843,-0.0384438832592781,0.0696513067614308,0.0759668816645114,0.2102316174618182,-0.03026722929582563,0.0728090942129711,0.0783226393231647,0.2527818510131921,0.06670444187390637,0.035746036226569605,False,True,Cash cow
2023,29.3,0.185126750155715,0.0717162428011343,0.3523622226987337,0.0986012592654854,0.1599622377250447,0.0192716942696471,0.0197682389201956,0.3028242049293028,0.14789674904874836,0.019519966594921348,0.12842149647842466,0.32759321381401824,0.06670444187390637,0.035746036226569605,True,False,Question mark
2023,35.1,-0.0828362701338254,0.0689483967143404,0.3781270929175272,0.3784937240831987,-1.972825298382784,-0.0202409721276702,-0.0200177958616379,0.2364150581853984,-0.5590559481444702,-0.02012938399465405,-0.006943936709742499,0.3072710755514628,0.06670444187390637,0.035746036226569605,False,False,Dog
2023,41.2,-0.0996294987431428,0.0924273875277257,0.3973831357398746,0.0103990662082613,-0.1800145797456241,0.0646037323741763,0.0696441864194528,0.3233693322410904,-0.08974833742683519,0.06712395939681455,-0.003601055607708549,0.36037623399048246,0.06670444187390637,0.035746036226569605,False,True,Cash cow
2023,45.1,0.3119550009632723,0.0411637300808474,0.2140768456358706,0.2456460392041859,0.2942061832433853,0.0248905775564952,0.0256049136890809,0.1909177324901212,0.28393574113694786,0.025247745622788052,0.17655936552205984,0.2024972890629959,0.06670444187390637,0.035746036226569605,True,False,Question mark
2023,46.3,0.2463336171190979,0.0465547731537642,0.1969453408498286,0.1160329423020332,0.2245420945744343,0.02463092096427,0.0254061613504542,0.1424367625830511,0.19563621799852182,0.0250185411573621,0.14644419513643106,0.16969105171643983,0.06670444187390637,0.035746036226569605,True,False,Question mark
2023,46.4,0.2279219668460175,0.0614752654561096,0.2658243006161967,0.0964736240374537,0.3254640879775492,0.0408526229371963,0.042960729720866,0.2406580143670036,0.21661989295367348,0.04190667632903115,0.14469861615106355,0.25324115749160014,0.06670444187390637,0.035746036226569605,True,True,Star
2023,46.7,-0.3636626584882821,0.0397502099792026,0.1773138154512165,-0.2165811854982369,-0.5180612497936261,0.0214492776024664,0.0220273279311452,0.1518872536943812,-0.36610169792671504,0.0217383027668058,-0.16195622425453976,0.16460053457279883,0.06670444187390637,0.035746036226569605,False,False,Dog
2023,46.9,-0.2078090145267722,0.0582477892300124,0.2137915356833819,-0.0520594451370133,-0.3273677361292734,0.0348477923337866,0.036391688258072,0.173199577701353,-0.19574539859768633,0.0356197402959293,-0.0747806126483799,0.19349555669236745,0.06670444187390637,0.035746036226569605,False,False,Dog
2023,47.1,0.1622867051246281,0.0571641717215234,0.1885207151779287,0.1423779314403599,0.2182094147539919,0.0350483920961349,0.0364436803570043,0.1611466060030603,0.17429135043965996,0.035746036226569605,0.10972543842307575,0.1748336605904945,0.06670444187390637,0.035746036226569605,True,True,Star
2023,47.4,0.1336144954701654,0.0502776653938026,0.2488328447154005,0.4815018727035207,0.4874444310945571,0.0329800454741014,0.034306363026719,0.2130303147356601,0.3675202664227477,0.0336432042504102,0.091946080431984,0.2309315797255303,0.06670444187390637,0.035746036226569605,True,False,Question mark
2023,49.4,-0.0144070413835699,0.0886724242313883,0.2618954376808914,-0.0419309931866924,-0.2114767030181582,0.039873514101204,0.0418594557089885,0.189806925909258,-0.08927157919614016,0.04086648490509625,0.037132691423909195,0.22585118179507468,0.06670444187390637,0.035746036226569605,False,True,Cash cow
2023,52.2,0.0600682516886093,0.1443568432640574,0.6997352893564561,0.1009180997635124,-0.1339992299040419,0.0448099608275435,0.0477221692222517,0.237683155974799,0.008995707182693269,0.0462660650248976,0.10221254747633335,0.46870922266562753,0.06670444187390637,0.035746036226569605,False,True,Cash cow
2023,62.0,0.0723908349103739,0.102929081408393,0.2312547028666463,0.1682861400352258,-0.0405636493238806,0.0607469472288478,0.0654319445872957,0.1864197718879709,0.06670444187390637,0.06308944590807175,0.08765995815938346,0.20883723737730858,0.06670444187390637,0.035746036226569605,True,True,Star
2024,10.1,-0.0987976673442367,0.0556005218244405,0.17774234411837,-0.007657858476378,-0.2007790731266365,0.0290075340543501,0.0300011447814451,0.1285236157203571,-0.10241153298241708,0.0295043394178976,-0.0215985727598981,0.15313297991936353,-0.08651960632952682,0.02821366737464115,False,True,Cash cow
2024,22.2,-0.1131765709146759,0.1209296464588199,0.3001775601734874,-0.0275815873787415,-0.1759673089018881,0.059022898995102,0.0634335626890106,0.2115323437257119,-0.1055751557317685,0.061228230842056294,0.003876537772072003,0.2558549519495996,-0.08651960632952682,0.02821366737464115,False,True,Cash cow
2024,29.3,-0.0621134628671575,0.0701771613130904,0.3358291234631024,-0.0522110317274239,-0.1165016640365591,0.0179644524133485,0.0182222366878799,0.2942750763121933,-0.07694205287704682,0.0180933445506142,0.004031849222966451,0.3150520998876478,-0.08651960632952682,0.02821366737464115,True,False,Question mark
2024,35.1,0.1583399756946795,0.1054953229810359,0.4579155271624732,-0.2035523957542969,-1.8129394618642984,0.0206600972887128,0.0214954950432531,0.2544351044690514,-0.6193839606413053,0.02107779616598295,0.1319176493378577,0.3561753158157623,-0.08651960632952682,0.02821366737464115,False,False,Dog
2024,41.2,-0.1720860499595713,0.0804714362091199,0.382952426203743,-0.058496074786848,-0.2069181950037917,0.0544193638589495,0.0580842960014817,0.3242743642770014,-0.145833439916737,0.0562518299302156,-0.0458073068752257,0.35361339524037216,-0.08651960632952682,0.02821366737464115,False,True,Cash cow
2024,45.1,-0.1616538638382486,0.0310077460711151,0.2095706723414637,0.0999941046692849,-0.3455531625459815,0.014808770060772,0.0150567000795023,0.1886996710918518,-0.1357376405716484,0.014932735070137149,-0.06532305888356675,0.19913517171665773,-0.08651960632952682,0.02821366737464115,False,False,Dog
2024,46.3,0.0430185474323558,0.046696911863494,0.2041213806636402,0.0390924061859836,0.0270011102268596,0.0243443056898711,0.0250923813829188,0.152755364242322,0.03637068794839967,0.024718343536394953,0.0448577296479249,0.1784383724529811,-0.08651960632952682,0.02821366737464115,True,False,Question mark
2024,46.4,0.0402151647454021,0.0599701603034931,0.2645589261946168,0.0668226628170232,0.0829746684426242,0.0414711435390738,0.0436316426849058,0.2399881286638177,0.06333749866834983,0.0425513931119898,0.0500926625244476,0.25227352742921727,-0.08651960632952682,0.02821366737464115,True,True,Star
2024,46.7,-0.1604691862980297,0.0361318609436135,0.186208564857324,-0.080024909220021,-0.1730838784699143,0.0192796018309757,0.0197213907695829,0.1519083981368213,-0.137859324662655,0.0195004963002793,-0.062168662677208095,0.16905848149707264,-0.08651960632952682,0.02821366737464115,False,False,Dog
2024,46.9,-0.1022728053177659,0.0505679866586898,0.2198048404945121,0.0287215396607645,-0.1288032852532645,0.0295116618316194,0.0306598670566632,0.1822396785387848,-0.06745151697008864,0.0300857644441413,-0.025852409329538053,0.20102225951664845,-0.08651960632952682,0.02821366737464115,True,True,Star
2024,47.1,-0.0937521012654409,0.0492922713831074,0.1895211240725276,0.0412197196150743,-0.1742783130178669,0.0277945345275737,0.0286328002217086,0.1650743044664037,-0.07560356488941115,0.02821366737464115,-0.02222991494116675,0.17729771426946567,-0.08651960632952682,0.02821366737464115,True,True,Star
2024,47.4,0.0662496210764185,0.0509294482807642,0.3210783090676688,0.0410252585057482,-0.1911550888529886,0.0256244906001737,0.0263617911327922,0.2816314101210788,-0.02796006975694063,0.02599314086648295,0.05858953467859135,0.3013548595943738,-0.08651960632952682,0.02821366737464115,True,False,Question mark
2024,49.4,-0.1371273688474874,0.0734434916491609,0.2642030502371653,0.024603176628712,-0.3501386814593556,0.0252900391485388,0.0261115290557687,0.1879821781200859,-0.15422095789271037,0.025700784102153748,-0.031841938599163254,0.22609261417862558,-0.08651960632952682,0.02821366737464115,False,False,Dog
2024,52.2,-0.0196353558249461,0.1413038069691641,0.7484606211650267,-0.0150120230669863,-0.2249114400966481,0.0352610273632896,0.036931789276204,0.251866477292008,-0.08651960632952682,0.036096408319746795,0.06083422557210899,0.5001635492285174,-0.08651960632952682,0.02821366737464115,True,True,Star
2024,62.0,0.0866832007966162,0.1030363420858795,0.2303105075590945,0.0859931637312925,0.1109630903800757,0.0621436842131122,0.0669636071764275,0.1841682784983024,0.09454648496932812,0.06455364569476985,0.09485977144124785,0.20723939302869843,-0.08651960632952682,0.02821366737464115,True,True,Star
2025,10.1,0.28082892,0.062138457,0.19158645,0.06303777,0.3800347,0.033564439878964056,0.034973388148890484,0.14117527,0.24130046333333333,0.034268914013927274,0.17148368849999998,0.16638086,0.11665177199999999,0.03752171561607358,True,False,Question mark
2025,22.2,0.12682019,0.12267227,0.32356888,0.080971,0.14697266,0.0875331905039644,0.095328988743945,0.21881434,0.11825461666666666,0.0914310896239547,0.12474623,0.27119161,0.11665177199999999,0.03752171561607358,True,True,Star
2025,29.3,-0.08851836,0.07155084,0.41807112,-0.01868865,-0.50024724,0.016966472153068624,0.01739498382893415,0.33997074,-0.20248475,0.017180727991001385,-0.00848376,0.37902093000000003,0.11665177199999999,0.03752171561607358,False,False,Dog
2025,35.1,0.3148138,0.10816563,0.48734143,0.39308903,-0.15132883,0.028297763433518103,0.0290194763171438,0.2876049,0.18552466666666667,0.02865861987533095,0.211489715,0.387473165,0.11665177199999999,0.03752171561607358,True,False,Question mark
2025,41.2,0.5360277,0.104635805,0.42197615,0.28237504,0.61161953,0.07960557518048413,0.08752427936026504,0.34534347,0.47667409,0.08356492727037458,0.3203317525,0.38365981,0.11665177199999999,0.03752171561607358,True,True,Star
2025,45.1,0.25022745,0.03667967,0.21856965,-0.10993281,0.018144056,0.023625071629369023,0.02426738983389005,0.19842702,0.05281289866666667,0.023946230731629537,0.14345356,0.208498335,0.11665177199999999,0.03752171561607358,False,False,Dog
2025,46.3,0.19852893,0.041594177,0.20532942,0.044694327,0.2528383,0.026240105286446862,0.027049664456024566,0.1537098,0.16535385233333333,0.026644884871235716,0.1200615535,0.17951961,0.11665177199999999,0.03752171561607358,True,False,Question mark
2025,46.4,0.069274075,0.05246862,0.27842548,0.053498544,0.057331003,0.04081663752460579,0.042425637287115854,0.24768965,0.06003454066666667,0.04162113740586082,0.060871347500000006,0.263057565,0.11665177199999999,0.03752171561607358,False,True,Cash cow
2025,46.7,0.079157434,0.045582764,0.19190241,0.03417219,0.047774337,0.02400834316826939,0.024785644980446248,0.15988338,0.05370132033333333,0.024396994074357817,0.062370099,0.175892895,0.11665177199999999,0.03752171561607358,False,False,Dog
2025,46.9,0.15284276,0.05155947,0.22656512,0.010026802,0.18227722,0.034510008989667475,0.03603442694918672,0.18760842,0.11504892733333333,0.035272217969427096,0.102201115,0.20708677,0.11665177199999999,0.03752171561607358,False,False,Dog
2025,47.1,0.13019074,0.057165135,0.21257378,0.0999636,0.29141375,0.03898909803223486,0.04055332849320525,0.17403677,0.17385603000000002,0.039771213262720054,0.0936779375,0.193305275,0.11665177199999999,0.03752171561607358,True,True,Star
2025,49.4,0.0029371458,0.08694908,0.25360334,0.14743155,0.09510974,0.04495510004350106,0.047532350819708975,0.18318383,0.08182614526666666,0.046243725431605015,0.0449431129,0.218393585,0.11665177199999999,0.03752171561607358,False,True,Cash cow
2025,52.2,0.30744737,0.14806473,0.9246845,0.28622302,-3.535599,0.052441347384659186,0.05637562853279307,0.28245017,-0.9806428699999999,0.05440848795872613,0.22775605,0.603567335,0.11665177199999999,0.03752171561607358,False,True,Cash cow
2025,62.0,0.31523615,0.114482045,0.2313641,0.31627172,0.33845785,0.07397031898416703,0.08127926112136666,0.19369698,0.32332190666666666,0.07762479005276685,0.21485909749999998,0.21253054,0.11665177199999999,0.03752171561607358,True,True,Star
2026,10.1,0.28082892,0.062138457,0.19158645,0.06303777,0.3800347,0.033564439878964056,0.034973388148890484,0.14117527,0.24130046333333333,0.034268914013927274,0.17148368849999998,0.16638086,0.11665177199999999,0.03752171561607358,True,False,Question mark
2026,22.2,0.12682019,0.12267227,0.32356888,0.080971,0.14697266,0.0875331905039644,0.095328988743945,0.21881434,0.11825461666666666,0.0914310896239547,0.12474623,0.27119161,0.11665177199999999,0.03752171561607358,True,True,Star
2026,29.3,-0.08851836,0.07155084,0.41807112,-0.01868865,-0.50024724,0.016966472153068624,0.01739498382893415,0.33997074,-0.20248475,0.017180727991001385,-0.00848376,0.37902093000000003,0.11665177199999999,0.03752171561607358,False,False,Dog
2026,35.1,0.3148138,0.10816563,0.48734143,0.39308903,-0.15132883,0.028297763433518103,0.0290194763171438,0.2876049,0.18552466666666667,0.02865861987533095,0.211489715,0.387473165,0.11665177199999999,0.03752171561607358,True,False,Question mark
2026,41.2,0.5360277,0.104635805,0.42197615,0.28237504,0.61161953,0.07960557518048413,0.08752427936026504,0.34534347,0.47667409,0.08356492727037458,0.3203317525,0.38365981,0.11665177199999999,0.03752171561607358,True,True,Star
2026,45.1,0.25022745,0.03667967,0.21856965,-0.10993281,0.018144056,0.023625071629369023,0.02426738983389005,0.19842702,0.05281289866666667,0.023946230731629537,0.14345356,0.208498335,0.11665177199999999,0.03752171561607358,False,False,Dog
2026,46.3,0.19852893,0.041594177,0.20532942,0.044694327,0.2528383,0.026240105286446862,0.027049664456024566,0.1537098,0.16535385233333333,0.026644884871235716,0.1200615535,0.17951961,0.11665177199999999,0.03752171561607358,True,False,Question mark
2026,46.4,0.069274075,0.05246862,0.27842548,0.053498544,0.057331003,0.04081663752460579,0.042425637287115854,0.24768965,0.06003454066666667,0.04162113740586082,0.060871347500000006,0.263057565,0.11665177199999999,0.03752171561607358,False,True,Cash cow
2026,46.7,0.079157434,0.045582764,0.19190241,0.03417219,0.047774337,0.02400834316826939,0.024785644980446248,0.15988338,0.05370132033333333,0.024396994074357817,0.062370099,0.175892895,0.11665177199999999,0.03752171561607358,False,False,Dog
2026,46.9,0.15284276,0.05155947,0.22656512,0.010026802,0.18227722,0.034510008989667475,0.03603442694918672,0.18760842,0.11504892733333333,0.035272217969427096,0.102201115,0.20708677,0.11665177199999999,0.03752171561607358,False,False,Dog
2026,47.1,0.13019074,0.057165135,0.21257378,0.0999636,0.29141375,0.03898909803223486,0.04055332849320525,0.17403677,0.17385603000000002,0.039771213262720054,0.0936779375,0.193305275,0.11665177199999999,0.03752171561607358,True,True,Star
2026,49.4,0.0029371458,0.08694908,0.25360334,0.14743155,0.09510974,0.04495510004350106,0.047532350819708975,0.18318383,0.08182614526666666,0.046243725431605015,0.0449431129,0.218393585,0.11665177199999999,0.03752171561607358,False,True,Cash cow
2026,52.2,0.30744737,0.14806473,0.9246845,0.28622302,-3.535599,0.052441347384659186,0.05637562853279307,0.28245017,-0.9806428699999999,0.05440848795872613,0.22775605,0.603567335,0.11665177199999999,0.03752171561607358,False,True,Cash cow
2026,62.0,0.31523615,0.114482045,0.2313641,0.31627172,0.33845785,0.07397031898416703,0.08127926112136666,0.19369698,0.32332190666666666,0.07762479005276685,0.21485909749999998,0.21253054,0.11665177199999999,0.03752171561607358,True,True,Star
2027,10.1,0.3556899,0.062138457,0.17789431,0.34903356,0.41822547,0.033937376763166396,0.03543709146978169,0.13440305,0.37431631,0.03468723411647404,0.2089141785,0.15614867999999998,0.11665177199999999,0.03752171561607358,True,False,Question mark
2027,22.2,0.12682019,0.12267227,0.32356888,0.080971,0.14697266,0.0875331905039644,0.095328988743945,0.21881434,0.11825461666666666,0.0914310896239547,0.12474623,0.27119161,0.11665177199999999,0.03752171561607358,True,True,Star
2027,29.3,-0.08851836,0.07155084,0.41807112,-0.01868865,-0.50024724,0.016966472153068624,0.01739498382893415,0.33997074,-0.20248475,0.017180727991001385,-0.00848376,0.37902093000000003,0.11665177199999999,0.03752171561607358,False,False,Dog
2027,35.1,0.3148138,0.10816563,0.48734143,0.39308903,-0.15132883,0.028297763433518103,0.0290194763171438,0.2876049,0.18552466666666667,0.02865861987533095,0.211489715,0.387473165,0.11665177199999999,0.03752171561607358,True,False,Question mark
2027,41.2,0.36872512,0.09776724,0.43338662,0.25919148,0.45906338,0.07960550424544907,0.0875242139770526,0.35427094,0.3623266600000001,0.08356485911125083,0.23324618000000003,0.39382878,0.11665177199999999,0.03752171561607358,True,True,Star
2027,45.1,0.25022745,0.03667967,0.21856965,-0.10993281,0.018144056,0.023625071629369023,0.02426738983389005,0.19842702,0.05281289866666667,0.023946230731629537,0.14345356,0.208498335,0.11665177199999999,0.03752171561607358,False,False,Dog
2027,46.3,0.19852893,0.041594177,0.20532942,0.044694327,0.2528383,0.026240105286446862,0.027049664456024566,0.1537098,0.16535385233333333,0.026644884871235716,0.1200615535,0.17951961,0.11665177199999999,0.03752171561607358,True,False,Question mark
2027,46.4,0.069274075,0.05246862,0.27842548,0.053498544,0.057331003,0.04081663752460579,0.042425637287115854,0.24768965,0.06003454066666667,0.04162113740586082,0.060871347500000006,0.263057565,0.11665177199999999,0.03752171561607358,False,True,Cash cow
2027,46.7,0.079157434,0.045582764,0.19190241,0.03417219,0.047774337,0.02400834316826939,0.024785644980446248,0.15988338,0.05370132033333333,0.024396994074357817,0.062370099,0.175892895,0.11665177199999999,0.03752171561607358,False,False,Dog
2027,46.9,0.15284276,0.05155947,0.22656512,0.010026802,0.18227722,0.034510008989667475,0.03603442694918672,0.18760842,0.11504892733333333,0.035272217969427096,0.102201115,0.20708677,0.11665177199999999,0.03752171561607358,False,False,Dog
2027,47.1,0.13019074,0.057165135,0.21257378,0.0999636,0.29141375,0.03898909803223486,0.04055332849320525,0.17403677,0.17385603000000002,0.039771213262720054,0.0936779375,0.193305275,0.11665177199999999,0.03752171561607358,True,True,Star
2027,49.4,0.0029371458,0.08694908,0.25360334,0.14743155,0.09510974,0.04495510004350106,0.047532350819708975,0.18318383,0.08182614526666666,0.046243725431605015,0.0449431129,0.218393585,0.11665177199999999,0.03752171561607358,False,True,Cash cow
2027,52.2,0.30744737,0.14806473,0.9246845,0.28622302,-3.535599,0.052441347384659186,0.05637562853279307,0.28245017,-0.9806428699999999,0.05440848795872613,0.22775605,0.603567335,0.11665177199999999,0.03752171561607358,False,True,Cash cow
2027,62.0,0.31523615,0.114482045,0.2313641,0.31627172,0.33845785,0.07397031898416703,0.08127926112136666,0.19369698,0.32332190666666666,0.07762479005276685,0.21485909749999998,0.21253054,0.11665177199999999,0.03752171561607358,True,True,Star
