rok,10.1_GS_dyn,10.1_NP_dyn,10.1_CF_dyn,10.1_DEBT_to_GS,10.1_CF_to_TC,10.1_STL_to_GS,10.1_NP_to_GS,10.1_NP_to_TC,22.2_GS_dyn,22.2_NP_dyn,22.2_CF_dyn,22.2_DEBT_to_GS,22.2_CF_to_TC,22.2_STL_to_GS,22.2_NP_to_GS,22.2_NP_to_TC,29.3_GS_dyn,29.3_NP_dyn,29.3_CF_dyn,29.3_DEBT_to_GS,29.3_CF_to_TC,29.3_STL_to_GS,29.3_NP_to_GS,29.3_NP_to_TC,35.1_GS_dyn,35.1_NP_dyn,35.1_CF_dyn,35.1_DEBT_to_GS,35.1_CF_to_TC,35.1_STL_to_GS,35.1_NP_to_GS,35.1_NP_to_TC,41.2_GS_dyn,41.2_NP_dyn,41.2_CF_dyn,41.2_DEBT_to_GS,41.2_CF_to_TC,41.2_STL_to_GS,41.2_NP_to_GS,41.2_NP_to_TC,45.1_GS_dyn,45.1_NP_dyn,45.1_CF_dyn,45.1_DEBT_to_GS,45.1_CF_to_TC,45.1_STL_to_GS,45.1_NP_to_GS,45.1_NP_to_TC,46.3_GS_dyn,46.3_NP_dyn,46.3_CF_dyn,46.3_DEBT_to_GS,46.3_CF_to_TC,46.3_STL_to_GS,46.3_NP_to_GS,46.3_NP_to_TC,46.4_GS_dyn,46.4_NP_dyn,46.4_CF_dyn,46.4_DEBT_to_GS,46.4_CF_to_TC,46.4_STL_to_GS,46.4_NP_to_GS,46.4_NP_to_TC,46.7_GS_dyn,46.7_NP_dyn,46.7_CF_dyn,46.7_DEBT_to_GS,46.7_CF_to_TC,46.7_STL_to_GS,46.7_NP_to_GS,46.7_NP_to_TC,46.9_GS_dyn,46.9_NP_dyn,46.9_CF_dyn,46.9_DEBT_to_GS,46.9_CF_to_TC,46.9_STL_to_GS,46.9_NP_to_GS,46.9_NP_to_TC,47.1_GS_dyn,47.1_NP_dyn,47.1_CF_dyn,47.1_DEBT_to_GS,47.1_CF_to_TC,47.1_STL_to_GS,47.1_NP_to_GS,47.1_NP_to_TC,47.4_GS_dyn,47.4_NP_dyn,47.4_CF_dyn,47.4_DEBT_to_GS,47.4_CF_to_TC,47.4_STL_to_GS,47.4_NP_to_GS,47.4_NP_to_TC,49.4_GS_dyn,49.4_NP_dyn,49.4_CF_dyn,49.4_DEBT_to_GS,49.4_CF_to_TC,49.4_STL_to_GS,49.4_NP_to_GS,49.4_NP_to_TC,52.2_GS_dyn,52.2_NP_dyn,52.2_CF_dyn,52.2_DEBT_to_GS,52.2_CF_to_TC,52.2_STL_to_GS,52.2_NP_to_GS,52.2_NP_to_TC,62.0_GS_dyn,62.0_NP_dyn,62.0_CF_dyn,62.0_DEBT_to_GS,62.0_CF_to_TC,62.0_STL_to_GS,62.0_NP_to_GS,62.0_NP_to_TC
2005,,,,0.2008055927980818,0.0483369470432886,0.1332168369563038,0.01985672950343141,0.020330383899149505,,,,0.3207375191728124,0.1096274759846323,0.2446352482050483,0.04465714776988006,0.04717938614289109,,,,0.3438101743441299,0.1223439178473616,0.2540812106390845,0.05700561863762141,0.06112822710032196,,,,0.3106084510454516,0.1161492506700265,0.1577108743870576,0.034852783939018125,0.03654255144125653,,,,0.3431273991551975,0.0467960202420928,0.3053240555388778,0.02089427745162644,0.021484676163172633,,,,0.2207964094398241,0.0274438355573971,0.1947731776760447,0.006152209375784272,0.006205592261845496,,,,0.1777963155210932,0.0285629077798133,0.1422177588087469,0.01462998575417142,0.01489945039646528,,,,0.2487530972308337,0.0417015749243597,0.2298666369812582,0.02454414014331578,0.025305081143819297,,,,0.1889853429555169,0.0354272240677573,0.1563796338573735,0.016244815484419865,0.016586437840100457,,,,0.2393052471573551,0.0585547457843976,0.2056006437864179,0.03520875867447556,0.03677456155670317,,,,0.2152055640104627,0.0285072266125874,0.1818172719870811,-0.000133979966927933,-0.0001342064405509126,,,,0.2038899282818833,0.042189302588747,0.1974976613657624,0.027284066105394453,0.028290310017708997,,,,0.2833144801417997,0.0873644979463193,0.1955536158046156,0.021268478354457814,0.021888102860486456,,,,0.4637485115006163,0.1314585645674927,0.1863332627011153,0.05081639901035309,0.0543455797337938,,,,0.3444503719187718,0.142563885228424,0.2908660039992306,0.07520997170538275,0.08234125538860894
2006,0.04227038539787897,-0.01987058877518244,0.0424566844025247,0.2083850372355523,0.0482882249246372,0.1417975996955177,0.018672855786475366,0.019095586712304068,0.14022265698181235,0.287272762101795,0.15696143049698885,0.3243528439529308,0.1118646337497369,0.2563074433402019,0.05041640736160049,0.05356453937341776,0.15674047873221508,-0.06753860699653336,-0.041864156433941035,0.329584251370727,0.0998476852989894,0.2494125233709307,0.045952864571765645,0.04855133655247604,0.10230220627490794,0.7243847576870253,0.18171706983691305,0.2751286147274386,0.1279333127039838,0.1526308967803114,0.054521898845236935,0.058733619685888916,0.23112386353572711,1.31352661584086,0.5859792224909386,0.3531001461212149,0.0615463007440322,0.299957115101138,0.03926450330048249,0.04121913305846995,0.10079330480385629,1.762890676513253,0.321312844164364,0.207369351260159,0.0332538335267044,0.1786530018310244,0.015441483746433704,0.01572310052247733,0.0435270945140982,0.05713699593623023,0.03406983143433684,0.1743440329862863,0.0283108193982336,0.1367310165124537,0.014820793127519192,0.015097383052375924,0.06422833408372686,0.16199320345883383,0.06711883508783378,0.2448629071344843,0.0419325920076942,0.2281604394147943,0.026798876817942605,0.027707528470424982,0.15027529974828502,0.7672275372121,0.2668486024863488,0.1866050366113473,0.0393518442042577,0.1541534482214278,0.02495775165065141,0.025700930369039077,0.08492903943688557,0.03269261157136727,-0.03303826966869583,0.2484844966241308,0.0520926635766078,0.2142655617762846,0.03351355123151848,0.03494006845228151,0.12164703026139323,-87.70481927710843,0.448012796152079,0.224325953284669,0.0372245693326905,0.1732266886031252,0.01035683107593321,0.010493464787072996,0.13709357371658593,0.5712987012987012,0.6751719933815206,0.2180326949324724,0.0627874412061351,0.2124173433965086,0.03770262943042511,0.03949185127641031,0.2501506770819415,0.9300970196133171,0.33065489201713727,0.2815484234100511,0.0941109466193227,0.1961558374320476,0.032836223213882826,0.0342000690123443,0.1083709623987894,0.24258530569096126,0.13412524506977275,0.4747957453368275,0.1358386041439476,0.1893864988963483,0.05696983486623903,0.061526717557251906,-0.009348473796329526,-0.08946005500780085,-0.030470528124854845,0.3233459229165827,0.1395679431698432,0.2779428303483443,0.06912792408640044,0.07570623131114831
2007,0.12249497143729737,0.22700315260480086,0.15137507097538694,0.2023692229485631,0.049629696039228,0.1464171785798941,0.020411363526023525,0.020915210382504212,0.18750203974147883,0.3261631410947998,0.24355137523158032,0.3240608942708817,0.1180358781184193,0.2443112213792062,0.05630338215160515,0.0602742514795911,0.1740061510705666,0.03608341501335044,0.13418947257702962,0.3108091624947644,0.0957983636550404,0.2470901197025705,0.040554302728094634,0.042553020186400066,0.028838501555340734,-0.05252891802985571,-0.02353185900473498,0.2892894198131552,0.11965006884849,0.1662207164118164,0.05020994297148661,0.05329960117367616,0.27624103059812244,0.9570844088570474,0.7547824382595061,0.3320104221796718,0.0868349626507529,0.2662022701681223,0.06021115556430333,0.06486012751584637,0.34603045057744963,1.2228374142841232,0.6245749706616917,0.2002450865423067,0.040663884163722,0.176280521515251,0.025500097556417085,0.02630711797794911,0.10133830459505266,0.486291432954157,0.2735623121273345,0.1663487175444122,0.0329139011194806,0.137673980304771,0.020001136583655856,0.020483886969167447,0.10976352991916327,0.22041024334310122,0.23446510364250694,0.2596271881307915,0.0467701861012792,0.2382035252864809,0.029470804272230363,0.030552180005862874,0.12174896244820466,0.13211934943863235,0.1602117177452902,0.1994965449622905,0.0407045966619365,0.1623377619488508,0.02518848201162573,0.025940728976844987,0.15353013685797423,0.2636524599839334,0.21780398136507095,0.2257145293117494,0.0551899536568343,0.2003630418736555,0.036712938919705125,0.03841116455258209,0.1477585120587679,0.5024247898283889,0.15253301160645383,0.2089591539437826,0.037623969758527,0.1716065252777902,0.013557172165629168,0.013825893634656881,0.3640100216262705,0.11810893462269623,0.059055936785194385,0.2660839488347547,0.0484025403493099,0.2608591356555233,0.030905672360578364,0.032141643719098,0.2288667836710072,0.3177470391465511,0.24786611208578924,0.3129299752964259,0.0958725273859844,0.2219997574575756,0.0352111689336975,0.036791295045710194,0.23253965101853025,0.5649296939619521,0.31365402524003727,0.4068082094369857,0.147024187461814,0.1693515881780437,0.07233340214946646,0.07933104117499072,0.14600619588219277,0.20909363904541522,0.068825755761031,0.3366776771443793,0.1308970746824911,0.2718806606286627,0.07293340436867342,0.08032096467769172
2008,0.04497463086039066,-0.6351390885154988,-0.04743909302886551,0.1997077235856184,0.0445242478695609,0.1469680297205659,0.007126784211607727,0.007187068738292984,0.004993337793757879,-0.44269644009313547,-0.034159408663763435,0.3640601302875284,0.1102048968912083,0.2648850750842783,0.03122217245416755,0.03247170155495158,-0.0034944228672365574,-0.8194789688986319,-0.17112725649816418,0.3544268507297986,0.0766022774721382,0.2790501624430068,0.0073465765893022325,0.007410609473013505,0.28550564406127776,-0.027734530809711888,0.030243339520390045,0.2647246101301498,0.0949101481803904,0.1823590132923958,0.03797524653953444,0.03989961490945823,0.24772539296115692,0.33491246014798315,0.417889175574395,0.3729356318504679,0.099193509946919,0.2961463107327877,0.06441851889536666,0.06975525554740288,-0.00039369352975537897,-0.5425661360513054,-0.15043202844997638,0.2041380942329757,0.0339835308486797,0.1743301287411963,0.011669202245722078,0.011837584539291079,0.23005236616447666,-0.013385807189664423,0.18633437030846145,0.1882751114526789,0.0316036555806503,0.1584324422578172,0.016042735877420555,0.016357260740955906,0.05232998328284433,-0.17692110582808995,0.043775030687778216,0.2799971986472709,0.0460655379771252,0.2554246308540033,0.023050561493147582,0.023729239275506735,0.06846082405580867,-0.40823768038151076,0.11512844127224264,0.2088820431194653,0.0419863120405942,0.1671465890630742,0.013950529778235155,0.014199363107650263,0.09560491657705472,0.004028378118317244,0.20570065539477933,0.2599647900667325,0.0605371856332897,0.2216199887850486,0.03364427446590044,0.035085378233679104,0.10934186237392574,0.03590388635060382,0.1711422055609746,0.2217077270649595,0.0395653034068272,0.1801721928020461,0.01265969293202937,0.012860354058163695,0.06970682104272385,-0.19278533412182142,-0.13228941684665219,0.2345701160324711,0.0389203494618921,0.2181636841644401,0.023321821921231185,0.024043119088299016,0.24793102132102507,-0.804385411235215,0.10049023479666563,0.2956168545824955,0.0817159996293332,0.1994890227783254,0.005519390265338028,0.005574078034746494,0.052626864726051714,-0.5660827544548476,-0.024184053028914132,0.4229911524995278,0.1289674526996393,0.1642686958705438,0.02981750862854403,0.030943788788772613,0.32890463505594036,0.5781323048153344,0.5433535339046867,0.282955827440692,0.1543177839507998,0.2370922491354475,0.08661160364567339,0.09682621209798792
2009,0.09146731257004714,0.7243855673697053,0.16431164007765675,0.176529651324381,0.0477463423639636,0.1302551336650194,0.01125945201905985,0.01141459362163659,0.04348460202582172,0.8998399291258521,0.25318212964638365,0.3462148559778876,0.1362209566089101,0.2433380886857153,0.056845237378033646,0.06084864305910554,0.01817540233718251,3.727023022154758,0.26276004335512737,0.3392661793096038,0.0980211858771675,0.2657826680960712,0.03410751879483568,0.035497607564601186,0.11428800213353774,1.101034229489105,0.46814184565513295,0.2251310274033768,0.1305953797755419,0.1588133912997984,0.07160383374861802,0.07856859300152598,-0.10948351197138317,-0.1752840858172171,-0.1147829484600078,0.4059791022173587,0.0981088118548402,0.3186137164550266,0.05965861206983734,0.06427710325839078,-0.04953472185196839,0.322599320909418,0.017517754849540212,0.2240730651572701,0.0365578140626318,0.188837207872693,0.016238025018461468,0.016552405343000356,0.004519674286635134,0.13979544895991514,0.018003855173335914,0.1723052400836565,0.032115076391389,0.1331957039753736,0.01820316496532076,0.01861057158005937,0.0551453195083651,-0.23118521337069198,-0.17225281089075406,0.263459834070979,0.0358654862829222,0.2446214379751082,0.01679542351976429,0.017159649179018733,-0.10352021298321845,-0.07387218454963695,-0.12303540221070242,0.2294813617452119,0.0410883710330919,0.196336002290974,0.014411896235704316,0.014674689682568583,-0.02868137952162053,-0.23551036758181643,-0.2066240623088733,0.2391567237066966,0.0489876602353643,0.2050329640015453,0.026480187321792643,0.027357928394344696,0.1096341117711499,0.09655905146244792,0.022714345413600068,0.2007831719185918,0.0365504618137382,0.1690997801116951,0.012510521014169232,0.012738226586291349,-0.01666271562540722,-0.1668498168498168,-0.17254058946653839,0.2446414105106324,0.0326855952769348,0.2282154251795608,0.019759832677785284,0.02033045366989493,0.011672565734405005,3.7968574635241303,0.12147775284339679,0.2914869751473665,0.0926466071556332,0.2038887228415299,0.02617025437392343,0.0270309691644409,-0.056702972619030456,0.3740690471218766,-0.1181804897396822,0.4675713777317208,0.1228217085097511,0.1945788841713516,0.04343416175340573,0.04591952148096199,0.057096947746791304,0.07115349009442684,0.008323749114185874,0.2590195443371331,0.1477656941091548,0.2159972754585717,0.08776330470491592,0.09849230318734188
2010,0.009725913925650476,1.3947315219149279,0.13079012488883746,0.180000117227057,0.0544180456765954,0.1325100837812759,0.026703647294444608,0.027551047227276543,0.1283538488231708,-0.0328435242935039,-0.03411847969910209,0.3433976538980365,0.1153523454359702,0.2529490455228994,0.04872428937126272,0.05159484218364219,0.23185065208541888,0.9345066976573488,0.28882883581329155,0.3135895155018001,0.1049638154949913,0.251295891801767,0.053562681025806906,0.05705500319868633,-0.014686479860221202,0.1520120852137743,0.1289593417475925,0.2561224509257553,0.1511141676268766,0.1849929184170363,0.08371800461475844,0.09276947098700566,0.04675535280404741,-0.02880684148902357,-0.05780474391170698,0.4247095590996042,0.0877763659971974,0.3305358728477723,0.05535203209926433,0.059277595395918786,0.10667271675225676,0.6257127984288859,0.2523127192864987,0.2107756087179471,0.0417463363834603,0.1800285520162952,0.023853813954311916,0.024537498991108183,0.12101748841551352,0.0973611318438905,0.09582501658010845,0.1731772150750963,0.0313118773018962,0.136833602048188,0.017819031296041114,0.01817055621586492,-0.006856760556586239,0.6745879388694753,0.2503480145233279,0.2677116195772497,0.0457134477172986,0.2410081645215579,0.028319594331794765,0.029292248394824454,0.07820344474009056,0.42875103001765735,-0.00825542892410358,0.2162164679705822,0.0379726874557359,0.1823852756927446,0.019097519760042845,0.019537908072137095,-0.0669990655245084,0.044735292709105146,-0.058010254409411766,0.2441174638707058,0.0496950765557951,0.2115127302737544,0.029651402512450197,0.030780095742259806,0.04721155817760492,0.46004282724985535,0.20110325727630518,0.2092123673916627,0.0420176600796493,0.1809857165020628,0.017442412976880567,0.017800541537657633,0.8826355420705474,1.3719498790943065,1.1574485540438912,0.2666343646893242,0.037437849752704,0.2600678341524192,0.024895595394660942,0.0256015716849939,0.09772093302712581,0.153559312119794,0.005290531229067197,0.2761195122563443,0.0849310249244574,0.2023544899023564,0.027501471207561592,0.028434578841299473,0.42340125816882934,-0.13205850693345145,0.3213641464142152,0.6916449075063402,0.1118163974465456,0.2408030917393507,0.026484669017956958,0.02745969110301521,0.16945479589832124,0.1420842480078821,0.12467812271373502,0.2674449375208361,0.1413086433692768,0.2269401748871768,0.0857092452039637,0.09564610665497021
2011,0.17545080566549354,-0.2921496289667631,-0.09527066014147423,0.1791252078256161,0.0413572727157274,0.1334834517204959,0.016080797728163232,0.01638211052507666,0.20403628206295288,0.10642412952360081,0.15630245922731012,0.3367655787468623,0.1105504855847518,0.2494102768256696,0.044774173550558106,0.047314113002424996,0.20982015651045116,0.18651637432909918,0.28180400278424655,0.3393886560382241,0.1110798133952817,0.2632339192327728,0.05253094664366954,0.05589093550713656,0.12667988765592142,0.31462012391433714,0.23976423345944742,0.2630388358757563,0.1694784507214269,0.1641205872678109,0.09768291313825724,0.11032541127135853,0.08727463589893647,-0.05210305927502701,0.07149509141843557,0.3947233401928145,0.0857332953859636,0.3015604216053293,0.04825645716127983,0.05121927589344972,-0.026758835797090486,-0.40588727577047634,-0.15055092648040103,0.2320649510109935,0.0360390851246925,0.1956294443441651,0.014561503266528305,0.014815529956442633,0.0007374209532589049,-0.11962737362897569,-0.12942139578399559,0.1533362010615378,0.0272333348515603,0.1386752620764176,0.015675827697679248,0.015981534700725438,0.046199339822830865,-0.3190409873137704,-0.0696782227935564,0.2811980515316684,0.0402347576661832,0.2491216110234453,0.018432895397467227,0.01887112998936981,0.1935326443277885,0.32350023563841535,0.2553931460159735,0.1935205661713294,0.0400362062460317,0.1700095979386026,0.02117710983662411,0.021717204191233137,-0.021706079993872307,-0.1593552231722739,-0.0635768159316984,0.2564820301166663,0.0473366311748942,0.218439572564003,0.02547935353370247,0.026320510654665705,0.2095580621832367,0.28691006630567517,0.2465495816028087,0.2175218039047031,0.0433607636540813,0.1620701562457027,0.018557866333503762,0.018964304260184632,-0.46743499227059826,-0.6768303985171455,-0.5990113128624394,0.2162863542429349,0.0280823073030865,0.2092895298913867,0.015107075240773071,0.01547700419880871,0.2591566982476594,0.7109716676174178,0.31871946897772263,0.2467180082812926,0.0899089359443899,0.1859146038421764,0.037369644397252856,0.03905473478979108,0.11610098002201874,-1.0959481739790187,-0.03642630892491161,0.7662701744484973,0.093197456909025,0.260273626371724,-0.0022768151593787925,-0.002279008755954413,0.13014579120167813,-0.08408881086071474,-0.0692604771709846,0.2791336576272976,0.1142666696012249,0.2319817131261004,0.06946188474632299,0.07611028489320827
2012,0.1360948288939985,0.19477142891218513,0.135126963505374,0.1692861917848919,0.0413529771362325,0.1299590460048753,0.01691133274361381,0.017241106316656155,0.036995082443732175,0.14809917846478382,0.03285470556444503,0.3409311183336572,0.1104530065278595,0.2504651999638231,0.04957129762727172,0.05254698032666948,0.06042974902347664,0.05448519369774507,0.023908529135220347,0.3820656116198161,0.1071870150354898,0.2665925005296795,0.05223646875022689,0.05554279618528945,0.075667005993449,-0.27041658752857634,-0.12608359576683004,0.2715657484104028,0.1324642057168668,0.1585404782076833,0.06625454969843465,0.07198875610860624,-0.1768104252721685,-1.0269774194690684,-0.7029108275875443,0.4492362947181376,0.0291642625162637,0.3322842793789886,-0.0015814518634561106,-0.0015821530642230923,-0.0012743990793647741,-0.3243508084272415,-0.1663519494841157,0.2483364791954307,0.0299210022645656,0.210091082664112,0.009851022043537017,0.009969149134205785,0.042977168368090624,0.07356113975700906,0.019360970432960256,0.1485818592868134,0.0266128615079765,0.1334628636955994,0.016135501293941746,0.01644780738863779,0.013169228397134525,0.09683889338252216,-0.009570691415370591,0.2830118904264629,0.0393238159173797,0.2558415152173172,0.019955123016891382,0.02042544509867937,0.09928347942228011,-0.4858699522648665,-0.28388057967725777,0.184160147334258,0.0257538157421822,0.1506050693929695,0.009904441115514364,0.010029519245169259,0.02228167460106656,-0.06842464852658625,-0.06820358523174175,0.2338766729480541,0.0430172299300943,0.2035911436354323,0.02321858868568383,0.023913126353067707,0.05579864767299303,0.26002079993066696,0.21661656956800246,0.2153474786356913,0.0500783036637533,0.1662295054247372,0.02214749719000416,0.02268368401282971,-0.152855700787197,0.17593920275308306,-0.004267425320056972,0.228649820750037,0.0330161857920347,0.2183550939208436,0.02097045571937792,0.021489344419085454,0.10221318998658524,-0.17043787508335184,-0.030365154255627247,0.2401776572474129,0.0782549994597425,0.1773136085994106,0.028125631134882256,0.029081957061996625,0.05552195191197429,-2.8053527980535278,0.009884053875159005,0.7827853123689975,0.0903320228045316,0.2668524564997904,0.0038942388750792985,0.003948882724303324,0.20061327370854398,0.12205661219161557,0.16465065598309425,0.2816366644343648,0.1100283765081193,0.2299462096518613,0.06491696267371443,0.07060697028525201
2013,0.019816770542834483,0.09201621114416336,0.01608969610201516,0.169304510148716,0.0412727779265426,0.1270748466879177,0.018108595623750542,0.018493498976227377,0.09086317978901537,0.3473641986491032,0.16453706572659166,0.3218203093302809,0.1194884534414183,0.2353042636304657,0.061227285823766804,0.06577000111798958,0.06324967806704263,0.1411486352020268,0.08019950434922096,0.3613700338538619,0.1092095727777793,0.25629751048253,0.05606357213337062,0.05978393712765364,-0.054276538698395105,0.22989769276666583,0.14254033018003298,0.3296259931552189,0.1634620889538934,0.1718850518204259,0.0861629441837565,0.0956270199979567,-0.14991634323767578,-16.970684751695472,0.6083540533002605,0.48022733613437,0.0571836973664083,0.3652054187381578,0.02971103956689817,0.03080431881596506,0.11306976670258106,0.43391950688905,0.10931110507082242,0.2389722399071711,0.0299090832399889,0.2032696439848639,0.012690644462357587,0.012881204336826843,0.0018172899379955698,0.06060460678170276,0.022567860072678414,0.1560893743757636,0.0271872477574915,0.135916425114261,0.017082343434246302,0.017427819499147932,0.050819145518792075,0.4752297758299209,0.22216270755739354,0.2854571218689558,0.0462878305380605,0.2547367852980677,0.02801470812594812,0.029021064798433704,-0.02100790148652487,0.5878868600765246,0.20330683888685597,0.1870072861152506,0.0318557366486178,0.1506794623297056,0.0160646157692257,0.016370779319122467,0.024831906730070408,0.11921412265388542,0.015779560836676643,0.2372645582842329,0.0427069827090042,0.2078634900253452,0.02535691189399477,0.026158119454526958,0.05234966836450816,-0.18171782305906625,-0.011614828846399528,0.2208067225990591,0.0467707096921242,0.1683243797933791,0.01722136924563793,0.01753940313721316,0.0,0.0,0.0,,,,,,0.029766456229759708,0.10345997892217262,0.015420717398592076,0.2445288628494456,0.0773181559131156,0.1766436829387167,0.03013839512009254,0.031225082169606153,0.08171406865957742,-0.020299865229110536,0.10421760391198043,0.8398908943148601,0.0916719985253194,0.2497577113884744,0.00352698227866526,0.0035555574576678958,0.1372985132487352,0.1929281995773413,0.17152024041846436,0.2390245460632193,0.1137335836790266,0.1962302263621045,0.06809230338582767,0.07431835770044667
2014,0.00809139513953494,0.5757797360049726,0.2612556524018612,0.1720685912456342,0.052262813068894,0.1285745953605835,0.028306122013336637,0.0292577250788114,0.0642176876081686,0.013275455293375815,0.042384259993445195,0.3182814734269088,0.1166744538256316,0.2322019114385,0.05829644314490791,0.06242770416737587,0.053148266382435194,-0.14377577854671275,-0.054119583154647155,0.3808858859279259,0.0966308207106184,0.2778834440041126,0.04558046567049458,0.04788403589394675,-0.02186969941976369,0.3034553456311264,0.45979702263102307,0.4232576133137848,0.2525170568555598,0.1784462827689008,0.11482064314438545,0.13190400443279682,0.04115598824858835,0.11888030464918775,0.06948180124338199,0.4456816041188504,0.0588630442786181,0.3086145494694587,0.031929026368062254,0.03317357883580865,0.12911116231189057,0.3395663442695491,0.2709036656284711,0.2447324837098661,0.0337436621481679,0.1934164483635973,0.01505605539675739,0.015317827610430169,-0.04893618062524896,0.09675716971079917,0.09313452263200794,0.1591984841016641,0.0313299151259462,0.1378625219594015,0.019699185538662088,0.020149946562422607,0.052745067499532006,0.21858261060400408,0.2784184723892613,0.295213260972519,0.0563598317617632,0.2568255180560823,0.03242782817734954,0.03368202110549173,0.009469984936008036,-0.0029617112651784128,-0.02758628256855422,0.1960069480259602,0.0306550970869348,0.1587643347934996,0.015866778858953958,0.016152701137523144,0.06966235249422925,0.28369173973234907,0.17691429303626216,0.2249824988945806,0.0472806969799669,0.1969360248267374,0.030430591735365057,0.03158692934704646,0.04488987410036649,-0.4341587653822877,-0.16558074145523438,0.2267893766205411,0.0369894108463211,0.168270075314466,0.009325921398318822,0.00940651035820741,0.45313418943729333,0.3638580660895012,0.3215079365079365,0.2047465787292599,0.0299959647492019,0.1977729405947389,0.01968209501252017,0.02014923222147762,0.11043434903749838,0.266742209631728,0.1952642606617876,0.2503688925140467,0.0836511625778941,0.1678239614387873,0.03438076034145706,0.03580291536652545,0.01679372414880609,0.13618777405210225,0.10987431597410957,0.953783080199493,0.1000865158298107,0.280887751368062,0.003941127929042399,0.0039739544349963,0.07693798148232989,-0.17061503135647615,-0.10549751946113839,0.2633256514179671,0.0928117688071536,0.2209702629868926,0.05244009764683614,0.05623219556535397
2015,0.010874894704260507,-0.009815296083163116,0.036378633966381635,0.1882678618593428,0.0535175913947912,0.1411098502359728,0.02772676341221185,0.0286247758291596,0.06140678514255504,0.06362786230602024,0.041313373091538486,0.3204738676296762,0.1145328991855918,0.2268615335923168,0.058418433036430045,0.06259506587980641,0.1135302266725986,0.3285431167983033,0.17076554602327798,0.3573733693431213,0.1025348969783756,0.2692502736729772,0.05438165258247773,0.057657060781151855,-0.0127163086856239,-1.3234671126636188,-0.5941918389042836,0.5162588224638942,0.0866589899893801,0.2122309906269366,-0.037619077716809515,-0.036081969883519714,0.06347516476007731,0.45448424042458124,0.19621757564676212,0.3981246951467173,0.0670586790517052,0.2872237114929182,0.04366840637498525,0.04595189677329519,0.1281629787835703,0.11004879522052247,0.039737965073434856,0.2670092559050417,0.031092482194266,0.2147493660528812,0.014814310049390692,0.015068795026822311,0.025884379350127995,0.059703134093752386,0.029570922466591654,0.1645928348393187,0.0314612349858004,0.1432455754089145,0.020348578333592042,0.020826601013261455,0.026570223072855947,-0.32454425997692116,-0.19023644520980698,0.310183466898494,0.0440239257521495,0.2517524797671669,0.0213366433065908,0.02194602619046329,-0.021146433991447777,0.20336209006363193,0.1389492925915956,0.2097359868046462,0.0358461940034808,0.1609683799660476,0.019505961701856294,0.019956181682908497,-0.002241322941358481,0.006592948349246397,-0.0032613968769362733,0.2168192427918544,0.0471992311555472,0.188411621212026,0.030700027731367978,0.03184425319704883,0.039196175592261184,-0.346517224475244,-0.12226872978935588,0.2335783364693885,0.0312861207073922,0.1838102761339474,0.005864464422442473,0.005923459379453652,0.05928208304665117,0.25015645954403243,0.19626448861930212,0.2080246257301004,0.0340146277072614,0.1989610812463038,0.02322865515339584,0.023878032995162238,0.13718122403555788,0.34370567262596974,0.18884719935679017,0.2494809824272926,0.0880383048371947,0.1694986696884658,0.040624679447367744,0.042588877534447095,0.01064417683809693,2.98948164964056,0.05464684461643832,0.9925466065783912,0.1061301101888727,0.2537199096315147,0.015557461183808274,0.015940257820918593,0.1599987511196017,0.3641519122998951,0.29958877055019983,0.2761546016010045,0.105307060796134,0.223131295085657,0.06166925560659418,0.0669724626502749
2016,0.07618687317440687,-0.1307384060178568,-0.04215836806317175,0.1954336453572028,0.0474361148928661,0.1432817311853259,0.022395562667078827,0.023025625117261132,0.09022245882557889,0.16589340240236683,0.15389697670190383,0.3269489097564858,0.1218602286138272,0.2365826834314817,0.06247318160114595,0.06729203225472427,0.10586181579108955,0.1387549795222094,0.15083348613684433,0.3728756564575317,0.107353622216061,0.2879774256992092,0.055999200613182344,0.059733133998226204,-0.04568013141739713,-2.1930932889693437,0.29276803376173777,0.6188093679573426,0.1297082594990312,0.2202352281460805,0.047031473029901266,0.04984229674297825,-0.07157817237631359,-0.032873748979402984,0.01979846803405394,0.4196934680081359,0.0737261555853334,0.295488328128789,0.04548887250268475,0.047911399095418104,0.22451804652086094,0.20009692806067347,0.1698457633334569,0.2377942793543881,0.0297070409046941,0.1937280065174255,0.014518861548937782,0.014769651326272771,0.05850789353174246,0.30079873378855826,0.22089837655552658,0.1671185932578377,0.0365033451321298,0.1442593407145192,0.025006336837430546,0.02574576995813289,0.0349351846652608,1.3470004443786108,0.6522668031909262,0.2957563980280402,0.0722290643441852,0.2432024292198584,0.04838671258269517,0.051146051244397035,0.029548168624973892,0.20311677746564816,0.12523317132820622,0.2319983511987982,0.0394338115570048,0.1897097696624913,0.022794416521034283,0.02347298988232853,-0.0237703287226948,-0.10791281263764374,-0.0778646260011372,0.2249283283605557,0.0444824713331258,0.194661071199943,0.028053953077444304,0.029033384866965124,0.0725663565805803,1.5490503631465886,0.5022036101331635,0.2272830718071933,0.044116865435098,0.1838438009871567,0.013937426877107303,0.014173527820449434,-0.01356541500269115,-0.14725023242508772,-0.12631156182539283,0.2225827964015183,0.030051389378147,0.207619997103431,0.020080632395092,0.020590287131243223,0.0931552269662348,0.12737638969462384,0.12865263007768202,0.2704268634798505,0.0909998692448006,0.1884189943689823,0.04189643274631616,0.04397176800503732,0.04125511391669967,0.28231634453064225,0.38991954782687976,1.1403382137433091,0.1423326457148708,0.2794085014525603,0.019159172895062825,0.019722717927937464,0.05254891986196353,0.25008047049324333,0.2132505247818468,0.2417725977865062,0.1231636073918522,0.1833557725747719,0.07324270692688516,0.0807065272904408
2017,0.08680620071028344,0.1446797325713054,0.12947369109776363,0.2004868372425629,0.0492826211360584,0.1431493705933584,0.023588149081024225,0.02424398403956393,0.08584641095018286,-0.03265829170052914,0.02107709557566695,0.3282397488381242,0.1135404904729679,0.2365990543173174,0.055655121758953964,0.059398270645240114,0.07290826617426993,-0.08668196738126988,-0.03498994664767363,0.3558449041542527,0.0958771296141516,0.30099470691269,0.04766957376013535,0.050489819376705214,-0.004143212357888282,0.922211506566581,0.39747834743594823,0.6420771368387339,0.1911220223575636,0.2349192481788013,0.09078056177425115,0.10101764321111849,0.022056446624139525,-0.22689788724732907,-0.23351215608200027,0.3978941321458806,0.0547513215285936,0.3046338273327036,0.034408611730517555,0.03588752098850823,0.16983499680609104,0.21760292461051245,0.17774404097260632,0.2512238295504596,0.0299261695607433,0.2132398076341218,0.015111710909886594,0.015382139583556904,0.0699655021655814,-0.12177940012899025,0.05909965930646721,0.1902376267794892,0.035994574771412,0.14539476664307,0.020525035707689775,0.021051209759036335,0.04985112579437745,-0.257141234237532,-0.15998438798828496,0.2941650779651512,0.0570617688152582,0.2490487667855987,0.03423770542826875,0.03573256933090319,0.11198294402047293,0.22309889868399924,0.11167515882708812,0.2086915967639048,0.0394379430267247,0.1777210120817112,0.025072170299860357,0.02582840478407843,0.022655650435570385,0.02376364461287994,0.02148351763205758,0.2236603351431767,0.0444730734731992,0.1944610151523138,0.028084348075650287,0.029092044771203338,0.04425438171824836,0.3737938537820822,0.012398612157659361,0.222285603150169,0.0429305419129175,0.185244717631122,0.018335715623047616,0.0187158567040075,-0.04351926386732363,0.26878564240187863,0.21381371027983676,0.283479234599376,0.0383594280588211,0.2661594748962962,0.026637251656795147,0.027473006395659232,0.04815072360300321,-0.14923339730476415,-0.040446429117352745,0.2800754706547219,0.082589571558835,0.1944143218228951,0.03400664136366456,0.035383401461549335,0.12895635290740204,-0.3710080615339102,-0.026069721491174258,0.9418851942147266,0.1222143517789773,0.2833921406394968,0.010674429766604949,0.010937086866030654,0.09322290157931357,-0.2492799036380141,-0.042427726158712264,0.2467232597027388,0.1046458244459341,0.1941895698096921,0.050296030134870676,0.05375942845624118
2018,-0.0005966374148599352,0.2843037393357395,0.16396671426461173,0.2042264256661669,0.0578953623979732,0.1511255400005864,0.030312433600789987,0.031425424584671666,0.058895636459630696,-0.0012457203055044053,0.023589110513763334,0.3275264005705283,0.109492250436099,0.2435394406646234,0.05249411663412088,0.05589068254289216,0.0464335236596185,-0.13978132333775561,-0.039642132811556596,0.3483501267272105,0.0869170983733704,0.2765635507196095,0.03918668193426045,0.04099867128566355,0.025077798565320997,-0.8362336601959898,-0.45210290979832113,0.7156593673855763,0.0940912766181168,0.3256864022928058,0.014503094641136744,0.014864883483986527,0.10969385235257056,0.42900565703188764,0.3247563985728885,0.3761071948004846,0.066020117254117,0.2985785563972293,0.04430960909559143,0.046679163720910556,0.1412653614536492,0.11747284142417436,0.1217497412952584,0.2263459768775937,0.0293987923220104,0.1922142474554813,0.014796669643721158,0.015053452100275979,0.03756752760600879,-0.13818531459266292,0.009940489895680082,0.2043006026139455,0.0349204988314618,0.1500668451950948,0.017048314177883477,0.017427639047624153,0.037248723851388776,-0.10908812859485317,-0.1034468082087805,0.2975859016078067,0.0485190775048768,0.2626954208586828,0.029407390449667434,0.030191885450323017,0.11723544187516,0.043508156051648594,0.035081248288705735,0.1985200882058724,0.036472125937353,0.170713325719468,0.023417637157937255,0.024080517428652134,0.013380687974791083,0.12056497234054753,0.08552509289718113,0.2240822858840455,0.0477718590966819,0.1960466866001002,0.031054802107474376,0.032258667318881495,0.023534439529893314,0.2908619984550369,0.1513618605467253,0.2181479729617763,0.0484043760349002,0.1878435560072715,0.023124652770005028,0.0236589759964117,-0.21586051228599,-0.23233525018177004,-0.1236981632266616,0.2958418189207455,0.0428248532674453,0.255048129278813,0.026077604111702138,0.02686877239739132,0.10564205693445228,0.06906655296870667,0.08106133337864585,0.2746720448045321,0.0806383792472876,0.1862016057559819,0.032881675070769514,0.03416414570069017,0.04005992521397572,1.8833102085929965,0.044148874601454446,0.8264838231943495,0.1251755990045353,0.2772590181153963,0.029592229804094206,0.030933429811866857,0.16246322100786204,0.579390409087474,0.20937698788380166,0.2232973567118491,0.1111639396959873,0.1733407449701061,0.06833512336099282,0.07458035817963556
2019,0.056797771335051817,-0.2957915004813644,-0.1175375687734378,0.2032698657698969,0.047835950943698,0.1389330679913427,0.020199014382670258,0.02072033755984569,0.0488787587132713,0.17357413897217233,0.10232837363814773,0.3288365629400485,0.1160433949789307,0.2358331276749339,0.0587348511143166,0.0630631996556152,0.03729464718630848,0.10204325876925746,0.08147413502212553,0.3520812054427417,0.0910660687751037,0.2855497304729003,0.04163274029836023,0.04377273235046966,0.1532108966857033,-2.4693052208443502,0.31310182394949115,0.6527730059663458,0.1025138075539377,0.2733211308571395,-0.01847838303979331,-0.01812208361452255,0.042280271935019265,0.3000669634064679,0.20244640141704107,0.3972229013513739,0.0771591573376777,0.3193650049399668,0.055268683959341564,0.05898400354138493,0.05693038869976674,-0.028622754491018032,-0.04411756864125238,0.2312282956924264,0.0265626886980823,0.1971308599306891,0.01359895443909607,0.013821720089293322,0.06007852784662293,0.2989067173849067,0.1370561491347677,0.2095251456297443,0.0376122821250366,0.1533131203917527,0.020889178701434002,0.021442916491307046,0.047402519645262986,0.027744135999669517,0.0360714624806151,0.3012845221978505,0.0485603311968337,0.2642438524295717,0.028855451961233094,0.029974685562797743,-0.0032393303468722934,-0.1512719819608025,-0.10331424074155038,0.1922946248272201,0.0326873724998657,0.1599117237314837,0.019939796359675504,0.020427396309188394,-0.040816602248818445,-0.04817816779188633,-0.0567525406368361,0.2330710868867512,0.0469728259088078,0.2022568092974903,0.030816461909262897,0.03200744334040319,0.05376467814414121,0.30887426077161373,0.1781200879453646,0.2242893716942059,0.0544314836706003,0.1848249101308465,0.028722980972608017,0.029557646851205377,0.4872991245343685,0.44429137248148787,0.43152720004321754,0.3043563591127858,0.0412068303287496,0.2831150322771548,0.025323526392386338,0.026084130417542026,0.09929934973165211,0.08329816588216188,0.08637674667169648,0.2744525533270154,0.0796285362074229,0.1897955696019921,0.03240305591374462,0.033640702316284264,0.07584156848206791,0.41759442772435507,0.2469469487627558,0.9328476140137713,0.1460332792079423,0.2825798821028374,0.03899252576140048,0.04102647989748042,0.1366297510142791,0.1816756354856044,0.15514793220874745,0.2207552092496171,0.1141689523594744,0.1733544179566282,0.07104331929683401,0.07835545317734487
2020,-0.03048426009072991,0.4105098008580228,0.2085165059823082,0.1947738429293779,0.0602631739172068,0.139326166686853,0.02938674080432652,0.030466175355817433,0.01680561256069124,0.38521203187949227,0.28023039426383267,0.3197432816704655,0.1497836899261308,0.2210314809365951,0.08001551274811214,0.08807410173673802,-0.09557073365214885,-0.5751127938316336,-0.14215905518350014,0.4249904479537603,0.0840235390988391,0.3454820894730486,0.019558432448712925,0.020003911330622827,0.10846677772171587,-0.2597090843894325,-0.3739787341938573,0.6068726660272081,0.058651225547463,0.2547342529654288,-0.01234081108650567,-0.012260726100737059,-0.03475593214662487,0.011867970719410481,0.027557742016176112,0.4862489651549543,0.0823147567300086,0.4017554719275077,0.05793831109124887,0.06196437639770752,-0.131475901298036,-0.1956602145234866,-0.09774656294366546,0.2449278094327486,0.0275329810598454,0.2062592072097236,0.012593985719676471,0.012771864515007145,0.010282223214479469,0.25026630550567597,0.18267399267399265,0.202480031408557,0.0442673278915346,0.1452433201753481,0.02585122818155852,0.026679332349924426,0.029868597235573446,0.40399360380060445,0.23696610078886882,0.2748095651586134,0.0590338270859598,0.2506941447460782,0.039337902036331245,0.0413600700998679,-0.05790840133317565,0.30620485441249046,0.2514311418415165,0.1953403442667005,0.0438012908204935,0.1680378842580411,0.02764641871115524,0.02857092144082485,0.021954750982623894,0.1480496562242597,0.16728428268548878,0.2323505055010626,0.0538809574090977,0.1868695608849224,0.03461878176794033,0.03610967969740457,0.06770916300917285,0.14220399381429427,0.08087241986144678,0.2157187296225205,0.0552499465441955,0.1738211074227589,0.030727003867515753,0.03170449098076604,0.12715357162267438,0.7905091212590911,0.7533869202611418,0.2669401684674657,0.0651716220177772,0.225704615376373,0.040226998458371334,0.04212738083382309,0.01348225798934255,0.4898778665821908,0.2659500009946991,0.2826545970812308,0.1013520400923658,0.1919915951975138,0.047634376857558114,0.050392155045745624,-0.037130023394573275,-1.2611689977964065,-0.1746893305574594,1.0016309644661772,0.1181354136925929,0.3004196937561321,-0.010576338573311504,-0.010502596670024624,0.10521377502166995,0.2736824071766759,0.24088880147763025,0.228543563003828,0.1292536259879822,0.1829637951564426,0.0818725100798156,0.09105257473816177
2021,0.08131153997903984,0.23513963824671036,0.13248789593420063,0.1987963058314394,0.0634357507107108,0.1424168233205898,0.033567318080235484,0.034976996247488776,0.27131643293494534,0.14685071939528638,0.08558072635742531,0.2975968205897198,0.1271951572630047,0.2188626592441223,0.07218175269402097,0.07901308905526196,0.18268045584875514,0.04555356115922837,-0.05096482166046401,0.3737905021589496,0.0675051954314436,0.310946952128843,0.01729071330832843,0.017705782466503412,0.30550063456939225,-6.648789501538351,1.3762702806594818,0.6408987880296416,0.114449947164644,0.4059961004729603,0.053397633260373535,0.056874062466513636,0.12499332078218672,0.23017382060994418,0.1742830995884106,0.454136459331206,0.0866894403540221,0.3697451881588273,0.0633552148249676,0.06836349440816619,0.20587900064593145,1.338302721723136,0.5229801375685912,0.1936455775266143,0.0352544574547914,0.1628144754386225,0.024420817569497124,0.025108547971140132,0.05471172055893536,0.029714378448555623,0.02850911153747715,0.223567755455618,0.043136814659825,0.1667487276351266,0.02523853754559455,0.026028452951116502,0.12625912310713394,0.22073424609250214,0.1837730048093249,0.2724758031727721,0.0621261983765357,0.2393896216255478,0.04263772270514481,0.044885679357872035,0.35844427284814095,1.1072873949780622,0.7307240845565708,0.1842460144331247,0.0569557994337775,0.1589271546466355,0.04288652161207631,0.04523464869341702,0.1893204885286799,0.6186712936843337,0.4206420886071436,0.2293010117986367,0.0654090651575939,0.1920009840976512,0.04711633980123458,0.04994594813333179,0.07698990915229387,0.41228766524269234,0.22720521315990871,0.2130646876957755,0.0635018445806006,0.1757636877817632,0.04029319883425258,0.041935443274651936,0.0,0.0,0.0,,,,,,0.1492031738640862,0.08042099698015392,-0.016077533311523284,0.25362648518619,0.0868539085955014,0.1820642173535346,0.044783361293655795,0.04741895100987535,0.3081611830923041,-7.710968651554204,0.5346755713977946,0.8413827791658384,0.1496889368415804,0.2805098469191108,0.05425743977965813,0.058193558517831374,0.17026093492554728,0.039862754736453176,0.04912327851455234,0.2303236621808068,0.1145364539839453,0.1874558577153869,0.07274973583066882,0.07997287862715446
2022,0.40240342469078216,0.42059085100181615,0.3598575066549088,0.1752524752470819,0.0615852178681529,0.1322141806151565,0.034002644401673936,0.0354732123920452,0.19091530556739822,0.10615369818760945,0.1451338692261126,0.2780955648345604,0.12126391079599,0.2010050712196199,0.0670443249078186,0.07276444991769195,0.18748306866331887,0.2535182314671287,0.16744701159223885,0.3572041947256011,0.066515752950954,0.2933158584110629,0.01825223865419692,0.018732507445362617,0.4262464396115768,-0.23392045021469032,0.39081198081844337,0.4795134613535901,0.1083884632624877,0.2873170875551138,0.02868146325318686,0.029667924082279393,0.2835053915197603,0.6127228692784206,0.5371578951409497,0.4217638835740001,0.105786474878838,0.3451480255747439,0.0796057457267794,0.08752446488997669,0.16010224995418487,0.13805231041961763,0.2854219865785981,0.2134187738618602,0.0390694571829454,0.1869590321753089,0.023956653698757824,0.024635503381617,0.22730786612555698,0.09162450815064638,0.1858728694555125,0.2062556689599621,0.0415562339377308,0.1577239160862127,0.0224483252288002,0.023081902910136603,0.1374591692486773,-0.09844550235141691,0.006122746995994577,0.2748540076685082,0.0544758854805731,0.2436383317717208,0.033794822454776316,0.035267797484106855,0.32520031359047574,0.0773964166606429,0.1694747358201183,0.1557354334807222,0.0497549791735649,0.135776935879388,0.03486701914724201,0.03640445227007519,0.1946045049115026,0.2451775488032324,0.2921669927406687,0.2184697855725206,0.0709466359806019,0.1813534844640469,0.049110988834440775,0.05220435877991571,0.21582641848981043,-0.008264679332823599,0.07671570073098888,0.2039122890880026,0.0560156126939056,0.1717205534631386,0.032866688746761,0.03407208596800953,-0.3212628229082537,-0.4457614703336218,-0.3110647181628392,0.2820421743094282,0.0656321890928774,0.2289296187104591,0.03284828536133903,0.0341303786204323,0.31510945971986626,0.42269560129780337,0.3163958538118765,0.2404476131326561,0.0870993041969906,0.1784057074061415,0.04844698717123214,0.05139285490583968,0.23424859846242274,0.2958497329556087,0.24492017509156572,0.7461438713211506,0.1513610996851929,0.2706320633881636,0.05696541923313806,0.06125092107727367,0.31743059053479916,0.33953429303179905,0.31632817272386893,0.2324742981654366,0.1143907958453214,0.1948086203255725,0.0739703227284451,0.08127925922902761
2023,0.0659025395861994,0.12904227056316908,0.06885752596531902,0.1682215739281394,0.0619183976007193,0.128219831941968,0.036016822753158796,0.0376733402583861,-0.07443400985028437,-0.038443883259278167,0.022076205222085532,0.295332084564566,0.1345690734242439,0.2102316174618182,0.06965130676143083,0.07596688166451143,0.09860125926548546,0.1599622377250447,0.185126750155715,0.3523622226987337,0.0717162428011343,0.3028242049293028,0.019271694269647168,0.01976823892019565,0.3784937240831987,-1.9728252983827839,-0.08283627013382544,0.3781270929175272,0.0689483967143404,0.2364150581853984,-0.020240972127670228,-0.02001779586163791,0.010399066208261365,-0.18001457974562418,-0.09962949874314286,0.3973831357398746,0.0924273875277257,0.3233693322410904,0.06460373237417634,0.06964418641945287,0.24564603920418593,0.2942061832433853,0.31195500096327233,0.2140768456358706,0.0411637300808474,0.1909177324901212,0.024890577556495232,0.02560491368908092,0.1160329423020332,0.2245420945744343,0.24633361711909796,0.1969453408498286,0.0465547731537642,0.1424367625830511,0.02463092096427003,0.02540616135045426,0.09647362403745374,0.3254640879775492,0.2279219668460175,0.2658243006161967,0.0614752654561096,0.2406580143670036,0.04085262293719635,0.042960729720866,-0.2165811854982369,-0.5180612497936261,-0.36366265848828216,0.1773138154512165,0.0397502099792026,0.1518872536943812,0.021449277602466493,0.02202732793114522,-0.05205944513701333,-0.3273677361292734,-0.20780901452677225,0.2137915356833819,0.0582477892300124,0.173199577701353,0.034847792333786674,0.03639168825807207,0.14237793144035993,0.21820941475399191,0.16228670512462817,0.1885207151779287,0.0571641717215234,0.1611466060030603,0.03504839209613497,0.03644368035700436,0.48150187270352074,0.48744443109455715,0.13361449547016546,0.2488328447154005,0.0502776653938026,0.2130303147356601,0.03298004547410147,0.03430636302671906,-0.04193099318669247,-0.21147670301815824,-0.014407041383569963,0.2618954376808914,0.0886724242313883,0.189806925909258,0.03987351410120404,0.04185945570898852,0.1009180997635124,-0.1339992299040419,0.0600682516886093,0.6997352893564561,0.1443568432640574,0.237683155974799,0.04480996082754354,0.047722169222251726,0.1682861400352258,-0.04056364932388068,0.0723908349103739,0.2312547028666463,0.102929081408393,0.1864197718879709,0.06074694722884782,0.06543194458729573
2024,-0.00765785847637801,-0.20077907312663656,-0.09879766734423678,0.17774234411837,0.0556005218244405,0.1285236157203571,0.029007534054350144,0.03000114478144513,-0.0275815873787415,-0.17596730890188816,-0.11317657091467592,0.3001775601734874,0.1209296464588199,0.2115323437257119,0.059022898995102005,0.06343356268901064,-0.05221103172742392,-0.11650166403655915,-0.062113462867157576,0.3358291234631024,0.0701771613130904,0.2942750763121933,0.01796445241334859,0.018222236687879957,-0.20355239575429696,-1.8129394618642984,0.1583399756946795,0.4579155271624732,0.1054953229810359,0.2544351044690514,0.020660097288712858,0.02149549504325317,-0.05849607478684804,-0.20691819500379172,-0.17208604995957133,0.382952426203743,0.0804714362091199,0.3242743642770014,0.054419363858949556,0.05808429600148179,0.09999410466928493,-0.34555316254598156,-0.16165386383824865,0.2095706723414637,0.0310077460711151,0.1886996710918518,0.014808770060772062,0.01505670007950236,0.03909240618598364,0.027001110226859693,0.04301854743235589,0.2041213806636402,0.046696911863494,0.152755364242322,0.024344305689871153,0.025092381382918864,0.0668226628170232,0.08297466844262424,0.0402151647454021,0.2645589261946168,0.0599701603034931,0.2399881286638177,0.041471143539073864,0.04363164268490585,-0.08002490922002103,-0.17308387846991435,-0.16046918629802975,0.186208564857324,0.0361318609436135,0.1519083981368213,0.01927960183097571,0.019721390769582913,0.028721539660764517,-0.12880328525326457,-0.10227280531776595,0.2198048404945121,0.0505679866586898,0.1822396785387848,0.029511661831619494,0.03065986705666326,0.04121971961507431,-0.1742783130178669,-0.09375210126544098,0.1895211240725276,0.0492922713831074,0.1650743044664037,0.02779453452757374,0.028632800221708665,0.04102525850574823,-0.1911550888529886,0.06624962107641852,0.3210783090676688,0.0509294482807642,0.2816314101210788,0.025624490600173758,0.026361791132792245,0.02460317662871203,-0.35013868145935567,-0.13712736884748744,0.2642030502371653,0.0734434916491609,0.1879821781200859,0.025290039148538883,0.026111529055768717,-0.015012023066986346,-0.2249114400966481,-0.019635355824946132,0.7484606211650267,0.1413038069691641,0.251866477292008,0.035261027363289676,0.03693178927620405,0.08599316373129251,0.11096309038007579,0.08668320079661629,0.2303105075590945,0.1030363420858795,0.1841682784983024,0.062143684213112255,0.06696360717642753
